{"stat.useItem.minecraft.bow":12,"stat.leaveGame":13,"stat.pickup.tombstone.familiar_stone":2,"stat.useItem.minecraft.mutton":2,"stat.useItem.minecraft.planks":39,"stat.craftItem.minecraft.shield":1,"stat.useItem.minecraft.water_bucket":16,"stat.pickup.minecraft.rotten_flesh":44,"stat.pickup.minecraft.sand":2,"stat.pickup.midnight.dewshroom_stem":2,"stat.craftItem.minecraft.stone_axe":1,"stat.craftItem.minecraft.stone_sword":2,"stat.useItem.minecraft.iron_pickaxe":580,"stat.craftItem.minecraft.wooden_pickaxe":1,"stat.killEntity.midnight.rifter":1,"stat.mineBlock.midnight.nightshroom_stem":2,"stat.furnaceInteraction":62,"stat.killEntity.ZombieVillager":8,"stat.pickup.minecraft.beef":12,"stat.pickup.minecraft.furnace":6,"stat.pickup.tombstone.magic_scroll":1,"stat.useItem.minecraft.beef":12,"stat.deaths":4,"stat.pickup.minecraft.egg":2,"stat.playOneMinute":180858,"stat.drop.minecraft.string":1,"stat.craftItem.minecraft.iron_pickaxe":2,"stat.pickup.zawa.care_guide":1,"stat.chestOpened":13,"stat.pickup.minecraft.arrow":15,"stat.fallOneCm":27545,"stat.pickup.minecraft.carrot":25,"stat.drop.minecraft.stone_sword":1,"stat.crouchOneCm":18784,"stat.craftItem.minecraft.chest":1,"stat.craftItem.minecraft.iron_ingot":132,"stat.pickup.minecraft.red_mushroom":3,"stat.craftingTableInteraction":26,"stat.pickup.minecraft.wooden_pickaxe":2,"stat.pickup.minecraft.feather":1,"stat.useItem.minecraft.furnace":4,"stat.pickup.minecraft.dye":62,"stat.pickup.minecraft.planks":10,"stat.pickup.minecraft.wheat_seeds":28,"stat.useItem.minecraft.stone_pickaxe":222,"stat.useItem.minecraft.stone_sword":142,"stat.mineBlock.xlfoodmod.grass":1,"stat.mineBlock.minecraft.dirt":8,"stat.useItem.minecraft.torch":129,"stat.useItem.minecraft.bread":4,"stat.pickup.minecraft.crafting_table":10,"stat.useItem.minecraft.cobblestone":90,"stat.craftItem.minecraft.crafting_table":4,"stat.mineBlock.minecraft.double_plant":1,"stat.craftItem.midnight.dewshroom_planks":8,"stat.pickup.minecraft.log":67,"stat.craftItem.tombstone.dust_of_vanishing":8,"stat.drop.minecraft.carrot":5,"stat.craftItem.minecraft.gold_ingot":15,"stat.pickup.minecraft.chicken":1,"stat.pickup.minecraft.sapling":12,"stat.pickup.minecraft.beetroot":27,"stat.craftItem.minecraft.bucket":1,"stat.craftItem.minecraft.planks":132,"stat.useItem.minecraft.iron_sword":133,"stat.useItem.midnight.viridshroom_planks":7,"stat.craftItem.minecraft.fishing_rod":1,"stat.mineBlock.minecraft.log":34,"stat.craftItem.minecraft.cooked_chicken":1,"stat.useItem.carryon.entity_item":4,"stat.sneakTime":10707,"stat.pickup.minecraft.wool":1,"stat.useItem.minecraft.baked_potato":13,"stat.pickup.midnight.viridshroom_stem":2,"stat.useItem.minecraft.wooden_axe":30,"stat.useItem.minecraft.beetroot":27,"stat.pickup.minecraft.bone":15,"stat.useItem.midnight.dewshroom_planks":8,"stat.mineBlock.minecraft.cobblestone":16,"stat.swimOneCm":22663,"stat.useItem.minecraft.dirt":1,"stat.useItem.minecraft.stone_slab2":30,"stat.pickup.minecraft.bow":2,"stat.useItem.midnight.nightshroom_planks":7,"stat.pickup.midnight.dewshroom_planks":1,"stat.craftItem.minecraft.furnace":4,"stat.useItem.minecraft.egg":2,"stat.craftItem.minecraft.iron_boots":1,"stat.craftItem.minecraft.stone_pickaxe":2,"stat.mineBlock.minecraft.obsidian":26,"stat.pickup.minecraft.cobblestone":306,"stat.craftItem.minecraft.bow":1,"stat.flyOneCm":151039,"stat.drop.minecraft.wheat_seeds":2,"stat.pickup.minecraft.redstone":60,"stat.mineBlock.minecraft.iron_ore":157,"stat.timeSinceDeath":3414,"stat.pickup.minecraft.mutton":2,"stat.mineBlock.minecraft.coal_ore":292,"stat.killEntity.Creeper":8,"stat.talkedToVillager":11,"stat.pickup.minecraft.string":4,"stat.pickup.tombstone.crafting_ingredient":8,"stat.entityKilledBy.Skeleton":2,"stat.craftItem.minecraft.stone_slab2":0,"stat.mineBlock.midnight.viridshroom_stem":2,"stat.sprintOneCm":236956,"stat.craftItem.minecraft.stick":60,"stat.craftItem.minecraft.wooden_axe":1,"stat.mineBlock.minecraft.diamond_ore":4,"stat.mineBlock.minecraft.crafting_table":10,"tombstone:use_vanishing":1,"stat.useItem.minecraft.diamond_pickaxe":32,"stat.useItem.minecraft.carrot":11,"stat.mineBlock.minecraft.planks":10,"stat.drop":11,"stat.craftItem.minecraft.diamond_pickaxe":1,"stat.killEntity.Zombie":34,"stat.mineBlock.minecraft.gold_ore":15,"stat.diveOneCm":8030,"stat.pickup.minecraft.wheat":15,"stat.mineBlock.midnight.dewshroom_planks":1,"stat.drop.minecraft.wooden_pickaxe":1,"stat.pickup.minecraft.obsidian":24,"stat.useItem.minecraft.rotten_flesh":26,"stat.pickup.xlfoodmod.onion":1,"stat.jump":2015,"stat.pickup.minecraft.coal":498,"stat.pickup.minecraft.iron_ingot":23,"stat.useItem.minecraft.stone_axe":53,"stat.pickup.minecraft.gunpowder":14,"stat.craftItem.minecraft.bread":2,"stat.craftItem.minecraft.torch":136,"stat.pickup.minecraft.dirt":11,"stat.craftItem.minecraft.iron_helmet":1,"stat.craftItem.midnight.viridshroom_planks":8,"stat.useItem.minecraft.cooked_chicken":1,"stat.pickup.minecraft.iron_ore":155,"stat.pickup.minecraft.gold_ore":15,"stat.mineBlock.minecraft.lapis_ore":10,"stat.damageTaken":3520,"stat.pickup.minecraft.leather":5,"stat.mineBlock.minecraft.torch":5,"stat.mineBlock.minecraft.furnace":6,"stat.useItem.minecraft.wooden_pickaxe":26,"stat.pickup.minecraft.reeds":7,"tombstone:undead_killed":54,"stat.pickup.xlfoodmod.rice_seeds":1,"stat.pickup.minecraft.potato":13,"stat.craftItem.midnight.nightshroom_planks":8,"stat.damageDealt":14928,"stat.craftItem.minecraft.bowl":4,"stat.craftItem.minecraft.baked_potato":13,"stat.killEntity.Cow":8,"stat.useItem.tombstone.dust_of_vanishing":1,"stat.craftItem.minecraft.iron_sword":1,"stat.walkOneCm":673228,"stat.mineBlock.midnight.dewshroom_stem":2,"stat.useItem.minecraft.lava_bucket":1,"stat.useItem.tombstone.gift":2,"stat.pickup.minecraft.stone":20,"stat.craftItem.minecraft.iron_chestplate":1,"stat.killEntity.Skeleton":12,"stat.killEntity.Chicken":1,"stat.killEntity.Spider":4,"stat.pickup.midnight.nightshroom_stem":2,"stat.mobKills":82,"stat.useItem.minecraft.golden_apple":1,"stat.pickup.minecraft.diamond":4,"stat.mineBlock.minecraft.leaves":10,"stat.pickup.minecraft.beetroot_seeds":49,"stat.pickup.minecraft.torch":10,"stat.mineBlock.minecraft.redstone_ore":13,"stat.drop.minecraft.stone_axe":1,"stat.mineBlock.minecraft.stone":317}