{"stat.useItem.minecraft.bow":16,"stat.leaveGame":15,"stat.pickup.tombstone.familiar_stone":2,"stat.useItem.minecraft.mutton":2,"stat.pickup.zawa.worm":3,"stat.useItem.minecraft.planks":39,"stat.craftItem.minecraft.shield":2,"stat.useItem.minecraft.water_bucket":20,"stat.pickup.minecraft.rotten_flesh":45,"stat.pickup.minecraft.sand":2,"stat.pickup.midnight.dewshroom_stem":2,"stat.craftItem.minecraft.stone_axe":1,"stat.craftItem.minecraft.stone_sword":2,"stat.craftItem.minecraft.iron_shovel":2,"stat.mineBlock.minecraft.snow_layer":4,"stat.useItem.minecraft.iron_pickaxe":582,"stat.craftItem.minecraft.wooden_pickaxe":1,"stat.killEntity.midnight.rifter":1,"stat.useItem.minecraft.iron_shovel":289,"stat.mineBlock.midnight.nightshroom_stem":2,"stat.furnaceInteraction":72,"stat.killEntity.ZombieVillager":8,"stat.pickup.minecraft.beef":12,"stat.pickup.minecraft.furnace":10,"stat.pickup.tombstone.magic_scroll":1,"stat.useItem.minecraft.beef":12,"stat.deaths":7,"stat.pickup.minecraft.egg":2,"stat.playOneMinute":211651,"stat.drop.minecraft.string":1,"stat.craftItem.minecraft.iron_pickaxe":2,"stat.pickup.zawa.care_guide":1,"stat.chestOpened":23,"stat.pickup.minecraft.arrow":15,"stat.fallOneCm":43970,"stat.pickup.minecraft.carrot":25,"stat.drop.minecraft.stone_sword":1,"stat.crouchOneCm":19719,"stat.craftItem.minecraft.chest":3,"stat.craftItem.minecraft.iron_ingot":132,"stat.pickup.minecraft.red_mushroom":3,"stat.craftingTableInteraction":33,"stat.pickup.minecraft.wooden_pickaxe":2,"stat.pickup.minecraft.feather":1,"stat.useItem.minecraft.furnace":8,"stat.pickup.minecraft.dye":62,"stat.pickup.minecraft.planks":10,"stat.pickup.minecraft.wheat_seeds":54,"stat.useItem.minecraft.stone_pickaxe":222,"stat.useItem.minecraft.stone_sword":142,"stat.mineBlock.xlfoodmod.grass":1,"stat.mineBlock.minecraft.dirt":295,"stat.useItem.minecraft.torch":147,"stat.useItem.minecraft.bread":4,"stat.drop.minecraft.rotten_flesh":2,"stat.pickup.minecraft.crafting_table":11,"stat.useItem.minecraft.cobblestone":99,"stat.craftItem.minecraft.crafting_table":6,"stat.mineBlock.minecraft.double_plant":1,"stat.craftItem.midnight.dewshroom_planks":8,"stat.pickup.minecraft.log":67,"stat.craftItem.tombstone.dust_of_vanishing":8,"stat.drop.minecraft.carrot":5,"stat.craftItem.minecraft.gold_ingot":15,"stat.pickup.minecraft.chicken":1,"stat.craftItem.chisel.chisel_iron":1,"stat.pickup.minecraft.sapling":12,"stat.pickup.minecraft.beetroot":67,"stat.craftItem.minecraft.bucket":1,"stat.craftItem.minecraft.planks":268,"stat.useItem.minecraft.iron_sword":142,"stat.useItem.midnight.viridshroom_planks":7,"stat.craftItem.minecraft.fishing_rod":1,"stat.mineBlock.minecraft.log":34,"stat.craftItem.minecraft.cooked_chicken":1,"stat.useItem.carryon.entity_item":4,"stat.sneakTime":11013,"stat.pickup.minecraft.wool":1,"stat.useItem.minecraft.baked_potato":16,"stat.pickup.midnight.viridshroom_stem":2,"stat.useItem.minecraft.wooden_axe":30,"stat.pickup.minecraft.yellow_flower":1,"stat.useItem.minecraft.beetroot":34,"stat.pickup.minecraft.bone":16,"stat.useItem.midnight.dewshroom_planks":8,"stat.mineBlock.minecraft.cobblestone":16,"stat.swimOneCm":24657,"stat.useItem.minecraft.dirt":29,"stat.useItem.minecraft.stone_slab2":42,"stat.pickup.minecraft.bow":2,"stat.useItem.midnight.nightshroom_planks":7,"stat.pickup.midnight.dewshroom_planks":1,"stat.craftItem.minecraft.furnace":4,"stat.useItem.minecraft.egg":2,"stat.craftItem.minecraft.iron_boots":1,"stat.craftItem.minecraft.stone_pickaxe":2,"stat.mineBlock.minecraft.obsidian":26,"stat.pickup.minecraft.cobblestone":306,"stat.craftItem.minecraft.bow":1,"stat.flyOneCm":240512,"stat.drop.minecraft.wheat_seeds":2,"stat.pickup.minecraft.redstone":60,"stat.mineBlock.minecraft.iron_ore":157,"stat.timeSinceDeath":23178,"stat.pickup.minecraft.mutton":2,"stat.mineBlock.minecraft.coal_ore":292,"stat.killEntity.Creeper":8,"stat.talkedToVillager":11,"stat.pickup.minecraft.string":5,"stat.pickup.tombstone.crafting_ingredient":9,"stat.entityKilledBy.Skeleton":3,"stat.craftItem.minecraft.stone_slab2":0,"stat.mineBlock.midnight.viridshroom_stem":2,"stat.sprintOneCm":313235,"stat.craftItem.minecraft.stick":92,"stat.craftItem.minecraft.wooden_axe":1,"stat.useItem.tombstone.magic_scroll":2,"stat.mineBlock.minecraft.diamond_ore":4,"stat.mineBlock.minecraft.crafting_table":11,"tombstone:use_vanishing":2,"stat.useItem.minecraft.diamond_pickaxe":32,"stat.useItem.minecraft.carrot":11,"stat.mineBlock.minecraft.planks":10,"stat.drop":13,"stat.craftItem.minecraft.diamond_pickaxe":1,"stat.killEntity.Zombie":35,"stat.pickup.minecraft.snowball":24,"stat.mineBlock.minecraft.gold_ore":15,"stat.diveOneCm":12025,"stat.pickup.minecraft.wheat":62,"stat.mineBlock.midnight.dewshroom_planks":1,"stat.drop.minecraft.wooden_pickaxe":1,"stat.pickup.minecraft.obsidian":48,"stat.useItem.minecraft.rotten_flesh":26,"stat.pickup.xlfoodmod.onion":1,"stat.jump":2570,"stat.pickup.minecraft.coal":680,"stat.pickup.minecraft.iron_ingot":23,"stat.useItem.minecraft.stone_axe":53,"stat.pickup.minecraft.gunpowder":14,"stat.craftItem.minecraft.bread":12,"stat.craftItem.minecraft.torch":232,"stat.pickup.minecraft.dirt":302,"stat.craftItem.minecraft.iron_helmet":1,"stat.craftItem.midnight.viridshroom_planks":8,"stat.useItem.minecraft.cooked_chicken":1,"stat.pickup.minecraft.iron_ore":155,"stat.pickup.minecraft.gold_ore":15,"stat.mineBlock.minecraft.lapis_ore":10,"stat.damageTaken":4193,"stat.pickup.minecraft.leather":5,"stat.mineBlock.minecraft.torch":5,"stat.mineBlock.minecraft.furnace":8,"stat.useItem.minecraft.wooden_pickaxe":26,"stat.pickup.minecraft.reeds":7,"tombstone:undead_killed":56,"stat.pickup.xlfoodmod.rice_seeds":1,"stat.pickup.minecraft.potato":92,"stat.craftItem.midnight.nightshroom_planks":8,"stat.damageDealt":15563,"stat.craftItem.minecraft.bowl":4,"stat.craftItem.minecraft.baked_potato":43,"stat.killEntity.Cow":8,"stat.useItem.tombstone.dust_of_vanishing":2,"stat.craftItem.minecraft.iron_sword":1,"stat.walkOneCm":836339,"stat.mineBlock.midnight.dewshroom_stem":2,"stat.useItem.minecraft.lava_bucket":1,"stat.useItem.tombstone.gift":2,"stat.pickup.minecraft.stone":20,"stat.craftItem.minecraft.iron_chestplate":1,"stat.pickup.minecraft.baked_potato":49,"stat.killEntity.Skeleton":13,"stat.killEntity.Chicken":1,"stat.killEntity.Spider":6,"stat.pickup.minecraft.bread":10,"stat.pickup.midnight.nightshroom_stem":2,"stat.mobKills":87,"stat.useItem.minecraft.golden_apple":1,"stat.pickup.minecraft.diamond":4,"stat.mineBlock.minecraft.leaves":10,"stat.pickup.minecraft.beetroot_seeds":49,"stat.pickup.minecraft.torch":10,"stat.mineBlock.minecraft.redstone_ore":13,"stat.drop.minecraft.stone_axe":1,"stat.mineBlock.minecraft.stone":317}