{"stat.useItem.minecraft.bow":30,"stat.leaveGame":21,"stat.craftItem.minecraft.iron_axe":2,"stat.pickup.tombstone.familiar_stone":3,"stat.useItem.minecraft.mutton":2,"stat.pickup.zawa.worm":18,"stat.useItem.minecraft.planks":385,"stat.craftItem.minecraft.shield":2,"stat.pickup.minecraft.golden_boots":1,"stat.pickup.minecraft.glowstone_dust":2,"stat.useItem.minecraft.water_bucket":37,"stat.pickup.minecraft.rotten_flesh":78,"stat.pickup.minecraft.sand":2,"stat.pickup.midnight.dewshroom_stem":2,"stat.craftItem.minecraft.stone_axe":1,"stat.killEntity.Enderman":1,"stat.pickup.chisel.cobblestone1":1,"stat.craftItem.minecraft.stone_sword":2,"stat.craftItem.minecraft.iron_shovel":8,"stat.mineBlock.minecraft.snow_layer":27,"stat.pickup.chisel.cobblestone2":12,"stat.killEntity.Witch":1,"stat.useItem.minecraft.iron_pickaxe":1261,"stat.craftItem.minecraft.wooden_pickaxe":1,"stat.killEntity.midnight.rifter":4,"stat.useItem.minecraft.iron_shovel":1732,"stat.mineBlock.midnight.nightshroom_stem":2,"stat.furnaceInteraction":106,"stat.killEntity.ZombieVillager":8,"stat.pickup.minecraft.beef":23,"stat.pickup.minecraft.furnace":12,"stat.pickup.chisel.stonebrick":1,"stat.pickup.tombstone.magic_scroll":4,"stat.useItem.minecraft.dye":23,"stat.useItem.minecraft.beef":12,"stat.deaths":7,"stat.pickup.minecraft.egg":2,"stat.playOneMinute":444531,"stat.drop.minecraft.string":1,"stat.craftItem.minecraft.iron_pickaxe":6,"stat.pickup.zawa.care_guide":1,"stat.mineBlock.minecraft.tallgrass":15,"stat.chestOpened":93,"stat.pickup.minecraft.pumpkin":1,"stat.pickup.minecraft.arrow":37,"stat.mineBlock.minecraft.ice":7,"stat.drop.minecraft.iron_pickaxe":1,"stat.craftItem.minecraft.iron_hoe":1,"stat.fallOneCm":123894,"stat.pickup.minecraft.carrot":25,"stat.drop.minecraft.stone_sword":1,"stat.crouchOneCm":46448,"stat.craftItem.minecraft.chest":3,"stat.craftItem.minecraft.iron_ingot":138,"stat.pickup.minecraft.red_mushroom":3,"stat.useItem.minecraft.iron_hoe":26,"stat.craftingTableInteraction":65,"stat.pickup.minecraft.wooden_pickaxe":2,"stat.pickup.minecraft.feather":1,"stat.useItem.minecraft.furnace":9,"stat.pickup.minecraft.dye":62,"stat.pickup.minecraft.planks":20,"stat.pickup.minecraft.wheat_seeds":62,"stat.pickup.chisel.cobblestone":9,"stat.useItem.minecraft.stone_pickaxe":222,"stat.useItem.minecraft.stone_sword":142,"stat.mineBlock.xlfoodmod.grass":1,"stat.mineBlock.minecraft.dirt":1780,"stat.useItem.minecraft.torch":475,"stat.useItem.minecraft.bread":4,"stat.drop.minecraft.rotten_flesh":5,"stat.pickup.minecraft.crafting_table":13,"stat.useItem.minecraft.log":25,"stat.useItem.minecraft.cobblestone":649,"stat.craftItem.minecraft.crafting_table":6,"stat.mineBlock.minecraft.double_plant":1,"stat.craftItem.midnight.dewshroom_planks":8,"stat.mineBlock.chisel.stonebrick":1,"stat.pickup.minecraft.log":200,"stat.drop.minecraft.stonebrick":1,"stat.craftItem.tombstone.dust_of_vanishing":12,"stat.drop.minecraft.carrot":5,"stat.craftItem.minecraft.gold_ingot":15,"stat.pickup.minecraft.chicken":1,"stat.craftItem.chisel.chisel_iron":3,"stat.pickup.minecraft.sapling":35,"stat.pickup.minecraft.beetroot":67,"stat.craftItem.minecraft.bucket":1,"stat.craftItem.minecraft.planks":584,"stat.useItem.minecraft.iron_sword":315,"stat.useItem.midnight.viridshroom_planks":7,"stat.craftItem.minecraft.fishing_rod":1,"stat.mineBlock.minecraft.log":36,"stat.craftItem.minecraft.cooked_chicken":1,"stat.useItem.carryon.entity_item":27,"stat.pickup.minecraft.red_flower":1,"stat.sneakTime":19293,"stat.pickup.minecraft.wool":1,"stat.useItem.minecraft.baked_potato":95,"stat.pickup.midnight.viridshroom_stem":2,"stat.useItem.minecraft.wooden_axe":30,"stat.pickup.minecraft.yellow_flower":6,"stat.useItem.minecraft.beetroot":34,"stat.pickup.minecraft.bone":34,"stat.useItem.midnight.dewshroom_planks":8,"stat.useItem.minecraft.iron_axe":137,"stat.mineBlock.minecraft.cobblestone":196,"stat.mineBlock.minecraft.pumpkin":1,"stat.mineBlock.minecraft.yellow_flower":5,"stat.swimOneCm":32417,"stat.mineBlock.chisel.cobblestone2":12,"stat.mineBlock.chisel.cobblestone1":1,"stat.useItem.minecraft.dirt":1409,"stat.useItem.minecraft.stone_slab2":105,"stat.pickup.minecraft.bow":3,"stat.useItem.midnight.nightshroom_planks":7,"stat.pickup.midnight.dewshroom_planks":1,"stat.mineBlock.chisel.cobblestone":9,"stat.craftItem.minecraft.furnace":4,"stat.useItem.minecraft.egg":2,"stat.craftItem.minecraft.iron_boots":1,"stat.craftItem.minecraft.spruce_boat":1,"stat.craftItem.minecraft.stone_pickaxe":2,"stat.craftItem.minecraft.cooked_beef":5,"stat.mineBlock.minecraft.obsidian":26,"stat.pickup.minecraft.cobblestone":907,"stat.craftItem.minecraft.bow":2,"stat.drop.chisel.chisel_iron":2,"stat.flyOneCm":816127,"stat.useItem.chisel.cobblestone":9,"stat.pickup.minecraft.glass_bottle":1,"stat.drop.minecraft.wheat_seeds":2,"stat.craftItem.minecraft.wooden_slab":6,"stat.pickup.minecraft.redstone":60,"stat.mineBlock.minecraft.iron_ore":163,"stat.timeSinceDeath":256058,"stat.useItem.minecraft.wooden_slab":4,"stat.pickup.minecraft.mutton":2,"stat.craftItem.minecraft.iron_block":3,"stat.useItem.minecraft.potato":27,"stat.pickup.minecraft.chainmail_helmet":1,"stat.pickup.minecraft.stonebrick":1,"stat.drop.minecraft.beetroot_seeds":1,"stat.mineBlock.minecraft.coal_ore":315,"stat.killEntity.Creeper":11,"stat.talkedToVillager":11,"stat.drop.minecraft.baked_potato":19,"stat.pickup.minecraft.string":11,"stat.pickup.tombstone.crafting_ingredient":22,"stat.entityKilledBy.Skeleton":3,"stat.craftItem.minecraft.stone_slab2":0,"stat.mineBlock.midnight.viridshroom_stem":2,"stat.sprintOneCm":874223,"stat.craftItem.minecraft.stick":168,"stat.craftItem.minecraft.wooden_axe":1,"stat.useItem.tombstone.magic_scroll":2,"stat.useItem.carryon.tile_item":3,"stat.craftItem.minecraft.stone":1,"stat.mineBlock.minecraft.diamond_ore":4,"stat.useItem.minecraft.snowball":16,"stat.mineBlock.minecraft.crafting_table":13,"tombstone:use_vanishing":7,"stat.useItem.minecraft.diamond_pickaxe":32,"stat.useItem.minecraft.carrot":11,"stat.mineBlock.minecraft.planks":19,"stat.drop":42,"stat.craftItem.minecraft.diamond_pickaxe":1,"stat.killEntity.Zombie":72,"stat.pickup.minecraft.snowball":134,"stat.craftItem.minecraft.dye":24,"stat.mineBlock.minecraft.gold_ore":15,"stat.diveOneCm":25094,"stat.pickup.minecraft.wheat":62,"stat.mineBlock.midnight.dewshroom_planks":1,"stat.drop.minecraft.wooden_pickaxe":1,"stat.pickup.minecraft.obsidian":48,"stat.useItem.minecraft.rotten_flesh":26,"stat.pickup.xlfoodmod.onion":1,"stat.jump":6405,"stat.pickup.minecraft.coal":764,"stat.pickup.minecraft.iron_ingot":23,"stat.useItem.minecraft.stone_axe":53,"stat.pickup.minecraft.gunpowder":20,"stat.craftItem.minecraft.bread":12,"stat.pickup.minecraft.spider_eye":1,"stat.craftItem.minecraft.torch":392,"stat.pickup.minecraft.dirt":1777,"stat.craftItem.minecraft.iron_helmet":1,"stat.drop.minecraft.iron_shovel":1,"stat.craftItem.midnight.viridshroom_planks":8,"stat.useItem.minecraft.cooked_chicken":1,"stat.pickup.minecraft.iron_ore":161,"stat.pickup.minecraft.gold_ore":15,"stat.useItem.minecraft.sapling":16,"stat.mineBlock.minecraft.lapis_ore":10,"stat.damageTaken":7059,"stat.pickup.minecraft.leather":8,"stat.mineBlock.minecraft.torch":81,"stat.mineBlock.minecraft.furnace":10,"stat.mineBlock.minecraft.red_flower":2,"stat.useItem.minecraft.wooden_pickaxe":26,"stat.mineBlock.minecraft.sapling":3,"stat.pickup.minecraft.reeds":7,"tombstone:undead_killed":111,"stat.pickup.xlfoodmod.rice_seeds":1,"stat.drop.chisel.cobblestone2":1,"stat.pickup.minecraft.potato":192,"stat.craftItem.midnight.nightshroom_planks":8,"stat.damageDealt":29083,"stat.craftItem.minecraft.bowl":4,"stat.craftItem.minecraft.baked_potato":69,"stat.craftItem.minecraft.anvil":1,"stat.killEntity.Cow":11,"stat.useItem.tombstone.dust_of_vanishing":4,"stat.craftItem.minecraft.iron_sword":2,"stat.walkOneCm":1913877,"stat.playerKills":1,"stat.mineBlock.midnight.dewshroom_stem":2,"stat.useItem.minecraft.lava_bucket":1,"stat.useItem.minecraft.spruce_boat":1,"stat.useItem.tombstone.gift":2,"stat.pickup.minecraft.stone":20,"stat.craftItem.minecraft.iron_chestplate":1,"stat.pickup.minecraft.baked_potato":56,"stat.killEntity.Skeleton":31,"stat.mineBlock.minecraft.stonebrick":1,"stat.killEntity.Chicken":1,"stat.killEntity.Spider":11,"stat.pickup.minecraft.bread":10,"stat.pickup.midnight.nightshroom_stem":2,"stat.mobKills":168,"stat.useItem.minecraft.golden_apple":1,"stat.pickup.minecraft.diamond":4,"stat.mineBlock.minecraft.leaves":28,"stat.pickup.minecraft.beetroot_seeds":50,"stat.pickup.minecraft.torch":124,"stat.useItem.chisel.cobblestone1":3,"stat.mineBlock.minecraft.redstone_ore":13,"stat.useItem.chisel.cobblestone2":142,"stat.drop.minecraft.stone_axe":1,"stat.pickup.minecraft.spruce_boat":1,"stat.mineBlock.minecraft.stone":746}