{"stat.useItem.minecraft.bow":142,"stat.pickup.midnight.hunter_wing":2,"stat.leaveGame":45,"stat.drop.minecraft.redstone":5,"stat.pickup.tombstone.familiar_stone":8,"stat.useItem.minecraft.glowstone":12,"stat.pickup.zawa.worm":66,"stat.craftItem.minecraft.shield":5,"stat.drop.minecraft.iron_sword":1,"stat.pickup.minecraft.rotten_flesh":183,"stat.craftItem.minecraft.stone_axe":3,"stat.killEntity.Enderman":7,"stat.craftItem.tombstone.ankh_of_pray":1,"stat.craftItem.minecraft.iron_shovel":11,"stat.pickup.minecraft.brown_mushroom":13,"stat.mineBlock.zawa.legume":1,"stat.killEntity.Witch":5,"stat.craftItem.midnight.cook_suavis":5,"stat.drop.minecraft.gold_ingot":1,"stat.pickup.xlfoodmod.strawberry_seeds":1,"stat.useItem.minecraft.iron_pickaxe":2924,"stat.craftItem.minecraft.wooden_pickaxe":2,"stat.killEntity.midnight.rifter":10,"stat.useItem.minecraft.iron_shovel":3226,"stat.pickup.minecraft.double_plant":1,"stat.craftItem.midnight.cook_hunter_wing":2,"stat.craftItem.minecraft.bed":1,"stat.mineBlock.chisel.marble2":54,"stat.furnaceInteraction":367,"stat.killEntity.ZombieVillager":10,"stat.pickup.minecraft.nether_brick":15,"stat.mineBlock.aether_legacy.berry_bush":2,"stat.drop.minecraft.red_flower":4,"stat.craftItem.minecraft.leather_helmet":1,"stat.useItem.aether_legacy.phoenix_bow":7,"stat.pickup.minecraft.beef":78,"stat.pickup.chisel.stonebrick":1,"stat.pickup.minecraft.leather_helmet":3,"stat.useItem.minecraft.fence":291,"stat.useItem.minecraft.flint_and_steel":19,"stat.mineBlock.minecraft.fence":12,"stat.useItem.minecraft.wheat_seeds":4,"stat.pickup.xlfoodmod.salt":44,"stat.pickup.minecraft.emerald":3,"stat.useItem.minecraft.dye":28,"stat.useItem.minecraft.beef":12,"stat.mineBlock.midnight.suavis":6,"stat.deaths":13,"stat.pickup.minecraft.egg":16,"stat.craftItem.minecraft.item_frame":8,"stat.killEntity.midnight.hunter":1,"stat.useItem.minecraft.nether_brick":2,"stat.craftItem.minecraft.iron_pickaxe":15,"stat.pickup.minecraft.item_frame":1,"stat.pickup.zawa.care_guide":1,"stat.useItem.midnight.cook_hunter_wing":2,"stat.pickup.chisel.marble2":54,"stat.mineBlock.minecraft.tallgrass":907,"stat.chestOpened":857,"stat.useItem.minecraft.stone":1,"stat.useItem.midnight.raw_suavis":4,"stat.pickup.minecraft.arrow":119,"stat.pickup.minecraft.iron_sword":2,"stat.killEntity.Ghast":5,"stat.drop.minecraft.iron_pickaxe":2,"stat.pickup.chisel.basalt2":1,"stat.pickup.minecraft.carrot":126,"stat.drop.minecraft.stone_sword":1,"stat.crouchOneCm":147025,"stat.mineBlock.minecraft.chest":2,"stat.craftItem.minecraft.iron_ingot":493,"stat.craftingTableInteraction":124,"stat.pickup.minecraft.nether_brick_fence":1,"stat.pickup.securitycraft.keypad_chest":1,"stat.pickup.minecraft.wooden_pickaxe":2,"stat.useItem.chisel.marble2":52,"stat.pickup.zawa.ostritch_fern":1,"stat.pickup.minecraft.dye":131,"stat.pickup.minecraft.planks":149,"stat.pickup.chisel.limestone2":4,"stat.pickup.minecraft.wheat_seeds":353,"stat.pickup.chisel.cobblestone":39,"stat.pickup.aether_legacy.aercloud":1,"stat.mineBlock.xlfoodmod.grass":10,"stat.mineBlock.minecraft.dirt":3435,"stat.pickup.minecraft.poisonous_potato":2,"stat.useItem.minecraft.bread":5,"stat.drop.minecraft.rotten_flesh":7,"stat.useItem.minecraft.cobblestone":1245,"stat.useItem.minecraft.gravel":11,"stat.mineBlock.minecraft.double_plant":46,"stat.craftItem.midnight.dewshroom_planks":8,"stat.craftItem.zawa.bullet_rifle":17,"stat.craftItem.tombstone.dust_of_vanishing":12,"stat.pickup.minecraft.iron_pickaxe":2,"stat.drop.minecraft.carrot":5,"stat.craftItem.minecraft.gold_ingot":60,"stat.useItem.tombstone.ankh_of_pray":2,"stat.pickup.minecraft.chicken":20,"stat.craftItem.chisel.chisel_iron":5,"stat.craftItem.minecraft.brewing_stand":2,"stat.pickup.minecraft.apple":1,"stat.craftItem.minecraft.bucket":1,"stat.craftItem.minecraft.planks":1848,"stat.useItem.minecraft.iron_sword":581,"stat.useItem.midnight.viridshroom_planks":7,"stat.craftItem.minecraft.fishing_rod":1,"stat.pickup.minecraft.stone_sword":3,"stat.pickup.minecraft.book":21,"stat.mineBlock.minecraft.log":37,"stat.useItem.carryon.entity_item":56,"stat.craftItem.minecraft.paper":6,"stat.pickup.minecraft.red_flower":21,"stat.pickup.minecraft.wool":11,"stat.pickup.midnight.viridshroom_stem":2,"stat.useItem.minecraft.wooden_axe":30,"stat.useItem.minecraft.iron_axe":658,"stat.mineBlock.aether_legacy.berry_bush_stem":1,"stat.mineBlock.minecraft.cobblestone":300,"stat.mineBlock.minecraft.pumpkin":1,"stat.pickup.minecraft.stone_pickaxe":2,"stat.pickup.minecraft.flint":11,"stat.mineBlock.minecraft.yellow_flower":8,"stat.pickup.minecraft.leather_chestplate":1,"stat.craftItem.minecraft.wool":4,"stat.pickup.minecraft.enchanted_book":1,"stat.mineBlock.chisel.cobblestone2":21,"stat.mineBlock.chisel.cobblestone1":1,"stat.drop.minecraft.cobblestone":1,"stat.craftItem.minecraft.arrow":54,"stat.useItem.minecraft.obsidian":26,"stat.killEntity.swet":1,"stat.useItem.minecraft.stone_slab2":336,"stat.pickup.minecraft.bow":10,"stat.pickup.midnight.dewshroom_planks":1,"stat.mineBlock.chisel.cobblestone":39,"stat.craftItem.minecraft.furnace":18,"stat.useItem.minecraft.egg":5,"stat.craftItem.minecraft.iron_boots":3,"stat.craftItem.minecraft.spruce_boat":1,"stat.craftItem.minecraft.cooked_beef":11,"stat.mineBlock.minecraft.obsidian":26,"stat.pickup.aether_legacy.aether_dirt":3,"stat.craftItem.minecraft.bow":3,"stat.mineBlock.zawa.ostritch_fern":1,"stat.flyOneCm":3516784,"stat.pickup.minecraft.nether_brick_stairs":1,"stat.timeSinceDeath":2425,"stat.cauldronFilled":2,"stat.useItem.minecraft.wooden_slab":4,"stat.craftItem.minecraft.iron_block":3,"stat.pickup.travelersbackpack.travelers_backpack":3,"stat.useItem.minecraft.potato":27,"stat.pickup.minecraft.chainmail_helmet":1,"stat.pickup.minecraft.nether_wart":43,"stat.pickup.xlfoodmod.cucumber_seeds":2,"stat.mineBlock.minecraft.coal_ore":711,"stat.killEntity.Creeper":29,"stat.pickup.minecraft.shield":1,"stat.talkedToVillager":73,"stat.drop.minecraft.baked_potato":22,"stat.pickup.minecraft.string":31,"stat.killEntity.midnight.nightstag":2,"stat.pickup.tombstone.crafting_ingredient":48,"stat.entityKilledBy.Skeleton":3,"stat.mineBlock.midnight.viridshroom_stem":2,"stat.pickup.zawa.reptile_meat_raw":1,"stat.sprintOneCm":3593240,"stat.drop.minecraft.leather":1,"stat.craftItem.minecraft.wooden_axe":1,"stat.useItem.tombstone.magic_scroll":5,"stat.useItem.carryon.tile_item":3,"stat.mineBlock.minecraft.diamond_ore":16,"stat.useItem.minecraft.snowball":401,"tombstone:use_vanishing":8,"stat.pickup.minecraft.leather_leggings":2,"stat.pickup.minecraft.sugar":1,"stat.craftItem.minecraft.golden_sword":1,"stat.mineBlock.aether_legacy.aether_log":1,"stat.craftItem.minecraft.emerald":5,"stat.killEntity.Zombie":180,"stat.pickup.minecraft.snowball":259,"stat.craftItem.minecraft.dye":32,"stat.mineBlock.xlfoodmod.rock_salt":18,"stat.craftItem.minecraft.diamond_axe":1,"stat.mineBlock.minecraft.gold_ore":58,"stat.diveOneCm":91831,"stat.pickup.minecraft.wheat":125,"stat.mineBlock.midnight.dewshroom_planks":1,"stat.craftItem.minecraft.cooked_porkchop":92,"stat.pickup.minecraft.stone_axe":2,"stat.pickup.minecraft.obsidian":48,"stat.useItem.minecraft.rotten_flesh":26,"stat.pickup.xlfoodmod.onion":3,"stat.craftItem.midnight.cook_stag_flank":3,"stat.jump":21278,"stat.useItem.minecraft.sand":2,"stat.pickup.minecraft.coal":1240,"stat.pickup.minecraft.iron_ingot":23,"stat.craftItem.minecraft.lever":1,"stat.pickup.minecraft.gunpowder":41,"stat.craftItem.minecraft.torch":992,"stat.pickup.minecraft.dirt":3390,"stat.drop.minecraft.iron_shovel":1,"stat.pickup.minecraft.gold_ore":58,"stat.useItem.minecraft.sapling":57,"stat.mineBlock.minecraft.lapis_ore":21,"stat.brewingstandInteraction":2,"stat.damageTaken":20410,"stat.mineBlock.minecraft.torch":206,"stat.mineBlock.minecraft.red_flower":19,"stat.tradedWithVillager":13,"stat.mineBlock.minecraft.sapling":15,"stat.pickup.minecraft.magma_cream":1,"stat.craftItem.minecraft.glowstone":14,"stat.craftItem.aether_legacy.skyroot_plank":12,"stat.cauldronUsed":3,"stat.pickup.xlfoodmod.rice_seeds":4,"stat.drop.chisel.cobblestone2":1,"stat.pickup.minecraft.potato":390,"stat.entityKilledBy.Zombie":1,"stat.craftItem.midnight.nightshroom_planks":8,"stat.useItem.tombstone.dust_of_vanishing":4,"stat.pickup.midnight.raw_suavis":9,"stat.craftItem.minecraft.stone_slab":30,"stat.useItem.minecraft.chest":13,"stat.pickup.minecraft.diamond_pickaxe":1,"stat.mineBlock.midnight.dewshroom_stem":2,"stat.useItem.midnight.cook_suavis":3,"stat.useItem.minecraft.lava_bucket":2,"stat.useItem.tombstone.gift":2,"stat.useItem.minecraft.item_frame":6,"stat.pickup.aether_legacy.aether_log":5,"stat.craftItem.minecraft.iron_chestplate":3,"stat.pickup.minecraft.baked_potato":120,"stat.pickup.minecraft.ender_pearl":5,"stat.useItem.minecraft.netherrack":641,"stat.mineBlock.aether_legacy.aether_grass":8,"stat.craftItem.travelersbackpack.sleeping_bag_bottom":1,"stat.craftItem.minecraft.bookshelf":7,"stat.mineBlock.minecraft.stonebrick":1,"stat.mineBlock.minecraft.glowstone":31,"stat.mobKills":643,"stat.mineBlock.minecraft.bookshelf":7,"stat.craftItem.minecraft.shears":2,"stat.useItem.minecraft.boat":2,"stat.pickup.minecraft.diamond":18,"stat.pickup.minecraft.beetroot_seeds":132,"stat.pickup.minecraft.torch":312,"stat.drop.minecraft.stone_axe":3,"stat.pickup.minecraft.spruce_boat":14,"stat.useItem.minecraft.string":1,"stat.useItem.minecraft.bookshelf":6,"stat.pickup.midnight.raw_stag_flank":3,"stat.craftItem.minecraft.iron_axe":5,"stat.killEntity.Blaze":46,"stat.useItem.minecraft.mutton":2,"stat.useItem.minecraft.planks":532,"stat.useItem.tombstone.familiar_stone":8,"stat.pickup.minecraft.golden_boots":1,"stat.pickup.minecraft.glowstone_dust":97,"stat.pickup.minecraft.porkchop":101,"stat.craftItem.xlfoodmod.flesh":66,"stat.useItem.minecraft.water_bucket":110,"stat.mineBlock.minecraft.nether_brick_fence":1,"stat.drop.minecraft.poisonous_potato":1,"stat.pickup.minecraft.sand":83,"stat.pickup.midnight.dewshroom_stem":2,"stat.pickup.chisel.cobblestone1":1,"stat.craftItem.minecraft.stone_sword":5,"stat.mineBlock.minecraft.snow_layer":57,"stat.pickup.chisel.cobblestone2":21,"stat.mineBlock.minecraft.sand":81,"stat.useItem.minecraft.fence_gate":1,"stat.mineBlock.chisel.planks-spruce":22,"stat.pickup.minecraft.ghast_tear":1,"stat.pickup.minecraft.armor_stand":1,"stat.mineBlock.midnight.nightshroom_stem":2,"stat.pickup.xlfoodmod.lettuce_seeds":2,"stat.pickup.minecraft.furnace":15,"stat.craftItem.travelersbackpack.travelers_backpack":1,"stat.pickup.xlfoodmod.vanilla_flower":7,"stat.useItem.minecraft.stone_stairs":7,"stat.pickup.minecraft.skull":3,"stat.pickup.tombstone.magic_scroll":22,"stat.craftItem.zawa.hunting_rifle":1,"stat.pickup.minecraft.stone_stairs":1,"stat.mineBlock.minecraft.soul_sand":42,"stat.craftItem.minecraft.heavy_weighted_pressure_plate":1,"stat.mineBlock.minecraft.oak_stairs":1,"stat.pickup.xlfoodmod.pepper_seeds":2,"stat.playOneMinute":1498940,"stat.pickup.minecraft.blaze_rod":21,"stat.drop.minecraft.string":10,"stat.craftItem.securitycraft.keypad_item":1,"stat.pickup.minecraft.netherrack":1363,"stat.pickup.minecraft.pumpkin":1,"stat.mineBlock.minecraft.netherrack":1551,"stat.mineBlock.minecraft.ice":28,"stat.craftItem.minecraft.iron_hoe":1,"stat.pickup.tombstone.tablet_of_cupidity":1,"stat.fallOneCm":436565,"stat.drop.xlfoodmod.strawberry_seeds":1,"stat.drop.minecraft.dye":5,"stat.craftItem.zawa.tranquilizer_dart_strong":6,"stat.craftItem.minecraft.chest":19,"stat.pickup.minecraft.red_mushroom":3,"stat.useItem.minecraft.iron_hoe":26,"stat.pickup.minecraft.feather":19,"stat.drop.minecraft.bone":2,"stat.useItem.minecraft.furnace":20,"stat.killEntity.Llama":11,"stat.mineBlock.minecraft.gravel":121,"stat.useItem.minecraft.stone_pickaxe":2706,"stat.useItem.chisel.planks-spruce":111,"stat.useItem.minecraft.stone_sword":428,"stat.craftItem.minecraft.iron_leggings":2,"stat.useItem.minecraft.torch":1391,"stat.drop.tombstone.crafting_ingredient":6,"stat.pickup.minecraft.crafting_table":19,"stat.useItem.minecraft.log":45,"stat.craftItem.minecraft.crafting_table":8,"stat.useItem.xlfoodmod.flesh":9,"stat.killEntity.LavaSlime":37,"stat.mineBlock.minecraft.emerald_ore":3,"stat.mineBlock.chisel.stonebrick":1,"stat.pickup.aether_legacy.lightning_sword":1,"stat.pickup.minecraft.log":559,"stat.drop.minecraft.stonebrick":1,"stat.craftItem.minecraft.stone_button":8,"stat.pickup.chisel.planks-spruce":22,"stat.pickup.minecraft.sapling":110,"stat.entityKilledBy.Enderman":1,"stat.drop.minecraft.bow":1,"stat.pickup.minecraft.beetroot":105,"stat.killEntity.WitherSkeleton":18,"stat.craftItem.minecraft.cooked_chicken":19,"stat.sneakTime":53835,"stat.useItem.minecraft.baked_potato":243,"stat.useItem.minecraft.brewing_stand":1,"stat.pickup.minecraft.yellow_flower":7,"stat.useItem.minecraft.beetroot":34,"stat.pickup.minecraft.chest":2,"stat.craftItem.minecraft.enchanting_table":1,"stat.drop.minecraft.stone_pickaxe":3,"stat.craftItem.minecraft.leather_leggings":1,"stat.pickup.minecraft.bone":135,"stat.useItem.midnight.dewshroom_planks":8,"stat.entityKilledBy.midnight.rifter":1,"stat.mineBlock.minecraft.brown_mushroom":14,"stat.drop.xlfoodmod.vanilla_flower":2,"stat.swimOneCm":95431,"stat.drop.xlfoodmod.pepper_seeds":1,"stat.climbOneCm":1012,"stat.drop.aether_legacy.aether_log":2,"stat.mineBlock.minecraft.spruce_stairs":20,"stat.useItem.minecraft.dirt":3296,"stat.useItem.midnight.nightshroom_planks":7,"stat.pickup.minecraft.anvil":2,"stat.craftItem.minecraft.stone_pickaxe":8,"stat.pickup.minecraft.cobblestone":2366,"stat.drop.chisel.chisel_iron":2,"stat.useItem.minecraft.stone_shovel":349,"stat.mineBlock.chisel.limestone2":4,"stat.useItem.chisel.cobblestone":304,"stat.pickup.minecraft.glass_bottle":4,"stat.pickup.minecraft.soul_sand":42,"stat.useItem.chisel.limestone2":2,"stat.drop.minecraft.wheat_seeds":3,"stat.pickup.aether_legacy.blue_berry":3,"stat.craftItem.minecraft.wooden_slab":6,"stat.pickup.minecraft.redstone":129,"stat.mineBlock.minecraft.iron_ore":517,"stat.craftItem.minecraft.book":1,"stat.useItem.aether_legacy.blue_berry":3,"stat.pickup.minecraft.mutton":2,"stat.mineBlock.xlfoodmod.vanilla_flower":3,"stat.pickup.minecraft.stonebrick":1,"stat.useItem.minecraft.cooked_porkchop":89,"stat.drop.minecraft.beetroot_seeds":1,"stat.mineBlock.minecraft.nether_brick":15,"stat.pickup.aether_legacy.swetty_ball":2,"stat.pickup.xlfoodmod.corn_seeds":2,"stat.craftItem.minecraft.stone_slab2":0,"stat.craftItem.minecraft.stick":596,"stat.useItem.minecraft.stone_slab":6,"stat.craftItem.minecraft.stone":15,"stat.craftItem.minecraft.armor_stand":1,"stat.pickup.minecraft.grass":2,"stat.mineBlock.minecraft.crafting_table":19,"stat.useItem.minecraft.diamond_pickaxe":32,"stat.useItem.minecraft.carrot":14,"stat.drop.minecraft.golden_apple":1,"stat.entityKilledBy.Creeper":2,"stat.mineBlock.minecraft.planks":64,"stat.drop":99,"stat.craftItem.minecraft.diamond_pickaxe":1,"stat.pickup.minecraft.golden_chestplate":1,"stat.craftItem.securitycraft.keypad_chest":1,"stat.craftItem.securitycraft.universal_block_remover":1,"stat.drop.minecraft.wooden_pickaxe":1,"stat.pickup.minecraft.gravel":146,"stat.mineBlock.minecraft.anvil":2,"stat.craftItem.travelersbackpack.backpack_tank":2,"stat.pickup.minecraft.fence":12,"stat.useItem.minecraft.stone_axe":474,"stat.craftItem.minecraft.bread":12,"stat.pickup.minecraft.spider_eye":6,"stat.craftItem.minecraft.iron_helmet":4,"stat.craftItem.midnight.viridshroom_planks":8,"stat.useItem.minecraft.cooked_chicken":1,"stat.pickup.minecraft.iron_ore":516,"stat.pickup.aether_legacy.berry_bush_stem":2,"stat.boatOneCm":261460,"stat.craftItem.minecraft.flint_and_steel":1,"stat.pickup.xlfoodmod.tomato_seeds":1,"stat.mineBlock.minecraft.stone_stairs":1,"stat.pickup.minecraft.leather":60,"stat.mineBlock.minecraft.furnace":13,"stat.useItem.minecraft.wooden_pickaxe":38,"stat.pickup.minecraft.reeds":62,"tombstone:undead_killed":303,"stat.pickup.minecraft.oak_stairs":1,"stat.damageDealt":94964,"stat.craftItem.minecraft.glass":63,"stat.craftItem.minecraft.cauldron":1,"stat.craftItem.minecraft.bowl":4,"stat.sleepInBed":27,"stat.craftItem.minecraft.baked_potato":298,"stat.craftItem.minecraft.anvil":1,"stat.mineBlock.minecraft.nether_brick_stairs":1,"stat.killEntity.Cow":43,"stat.killEntity.Pig":52,"stat.craftItem.minecraft.iron_sword":4,"stat.craftItem.minecraft.stone_shovel":2,"stat.pickup.minecraft.boat":2,"stat.walkOneCm":4697491,"stat.playerKills":1,"stat.pickup.minecraft.stick":4,"stat.useItem.minecraft.spruce_boat":14,"stat.pickup.zawa.legume":1,"stat.mineBlock.chisel.basalt2":1,"stat.drop.xlfoodmod.rice_seeds":1,"stat.pickup.minecraft.stone":32,"stat.useItem.minecraft.spruce_stairs":204,"stat.pickup.minecraft.gold_ingot":15,"stat.killEntity.Skeleton":95,"stat.killEntity.Chicken":19,"stat.killEntity.Spider":29,"stat.pickup.minecraft.bread":10,"stat.mineBlock.minecraft.quartz_ore":99,"stat.pickup.midnight.nightshroom_stem":2,"stat.pickup.minecraft.quartz":98,"stat.useItem.minecraft.golden_apple":1,"stat.mineBlock.minecraft.leaves":121,"stat.useItem.chisel.cobblestone1":3,"stat.pickup.minecraft.spruce_stairs":19,"stat.mineBlock.minecraft.redstone_ore":31,"stat.useItem.chisel.cobblestone2":151,"stat.mineBlock.minecraft.stone":2141}