{"stat.useItem.minecraft.bow":59,"stat.pickup.midnight.hunter_wing":2,"stat.leaveGame":24,"stat.pickup.midnight.raw_stag_flank":3,"stat.craftItem.minecraft.iron_axe":2,"stat.pickup.tombstone.familiar_stone":5,"stat.useItem.minecraft.glowstone":12,"stat.useItem.minecraft.mutton":2,"stat.pickup.zawa.worm":18,"stat.useItem.minecraft.planks":399,"stat.craftItem.minecraft.shield":4,"stat.useItem.tombstone.familiar_stone":7,"stat.pickup.minecraft.golden_boots":1,"stat.pickup.minecraft.glowstone_dust":66,"stat.pickup.minecraft.porkchop":81,"stat.craftItem.xlfoodmod.flesh":25,"stat.useItem.minecraft.water_bucket":48,"stat.drop.minecraft.iron_sword":1,"stat.pickup.minecraft.rotten_flesh":110,"stat.pickup.minecraft.sand":67,"stat.pickup.midnight.dewshroom_stem":2,"stat.craftItem.minecraft.stone_axe":1,"stat.killEntity.Enderman":2,"stat.pickup.chisel.cobblestone1":1,"stat.craftItem.minecraft.stone_sword":4,"stat.craftItem.minecraft.iron_shovel":9,"stat.mineBlock.minecraft.snow_layer":27,"stat.pickup.chisel.cobblestone2":21,"stat.pickup.minecraft.brown_mushroom":12,"stat.mineBlock.minecraft.sand":65,"stat.killEntity.Witch":2,"stat.useItem.minecraft.iron_pickaxe":1667,"stat.craftItem.minecraft.wooden_pickaxe":2,"stat.killEntity.midnight.rifter":5,"stat.useItem.minecraft.iron_shovel":1796,"stat.craftItem.midnight.cook_hunter_wing":2,"stat.mineBlock.midnight.nightshroom_stem":2,"stat.furnaceInteraction":232,"stat.killEntity.ZombieVillager":9,"stat.mineBlock.aether_legacy.berry_bush":2,"stat.useItem.aether_legacy.phoenix_bow":5,"stat.pickup.minecraft.beef":24,"stat.pickup.minecraft.furnace":14,"stat.pickup.chisel.stonebrick":1,"stat.pickup.minecraft.leather_helmet":1,"stat.pickup.tombstone.magic_scroll":7,"stat.craftItem.zawa.hunting_rifle":1,"stat.useItem.minecraft.flint_and_steel":18,"stat.useItem.minecraft.dye":28,"stat.craftItem.minecraft.heavy_weighted_pressure_plate":1,"stat.useItem.minecraft.beef":12,"stat.deaths":11,"stat.pickup.minecraft.egg":5,"stat.playOneMinute":657683,"stat.craftItem.minecraft.item_frame":8,"stat.drop.minecraft.string":1,"stat.killEntity.midnight.hunter":1,"stat.craftItem.minecraft.iron_pickaxe":8,"stat.craftItem.securitycraft.keypad_item":1,"stat.pickup.minecraft.item_frame":1,"stat.pickup.zawa.care_guide":1,"stat.useItem.midnight.cook_hunter_wing":2,"stat.mineBlock.minecraft.tallgrass":26,"stat.pickup.minecraft.netherrack":41,"stat.chestOpened":411,"stat.pickup.minecraft.pumpkin":1,"stat.mineBlock.minecraft.netherrack":43,"stat.pickup.minecraft.arrow":71,"stat.pickup.minecraft.iron_sword":1,"stat.mineBlock.minecraft.ice":14,"stat.drop.minecraft.iron_pickaxe":1,"stat.craftItem.minecraft.iron_hoe":1,"stat.fallOneCm":206964,"stat.pickup.minecraft.carrot":25,"stat.drop.minecraft.stone_sword":1,"stat.craftItem.zawa.tranquilizer_dart_strong":6,"stat.crouchOneCm":50544,"stat.mineBlock.minecraft.chest":2,"stat.craftItem.minecraft.chest":19,"stat.craftItem.minecraft.iron_ingot":193,"stat.pickup.minecraft.red_mushroom":3,"stat.useItem.minecraft.iron_hoe":26,"stat.craftingTableInteraction":104,"stat.pickup.minecraft.wooden_pickaxe":2,"stat.pickup.minecraft.feather":3,"stat.drop.minecraft.bone":1,"stat.useItem.minecraft.furnace":14,"stat.pickup.minecraft.dye":62,"stat.pickup.minecraft.planks":116,"stat.killEntity.Llama":1,"stat.pickup.minecraft.wheat_seeds":63,"stat.pickup.chisel.cobblestone":12,"stat.pickup.aether_legacy.aercloud":1,"stat.mineBlock.minecraft.gravel":21,"stat.useItem.minecraft.stone_pickaxe":354,"stat.useItem.minecraft.stone_sword":401,"stat.craftItem.minecraft.iron_leggings":1,"stat.mineBlock.xlfoodmod.grass":1,"stat.mineBlock.minecraft.dirt":1794,"stat.pickup.minecraft.poisonous_potato":1,"stat.useItem.minecraft.torch":604,"stat.useItem.minecraft.bread":5,"stat.drop.tombstone.crafting_ingredient":2,"stat.drop.minecraft.rotten_flesh":5,"stat.pickup.minecraft.crafting_table":16,"stat.useItem.minecraft.log":25,"stat.useItem.minecraft.cobblestone":730,"stat.craftItem.minecraft.crafting_table":8,"stat.useItem.minecraft.gravel":11,"stat.mineBlock.minecraft.double_plant":2,"stat.useItem.xlfoodmod.flesh":1,"stat.craftItem.midnight.dewshroom_planks":8,"stat.mineBlock.chisel.stonebrick":1,"stat.pickup.minecraft.log":240,"stat.craftItem.zawa.bullet_rifle":17,"stat.drop.minecraft.stonebrick":1,"stat.craftItem.tombstone.dust_of_vanishing":12,"stat.craftItem.minecraft.stone_button":8,"stat.drop.minecraft.carrot":5,"stat.craftItem.minecraft.gold_ingot":25,"stat.pickup.minecraft.chicken":5,"stat.craftItem.chisel.chisel_iron":3,"stat.pickup.minecraft.sapling":35,"stat.entityKilledBy.Enderman":1,"stat.pickup.minecraft.beetroot":67,"stat.craftItem.minecraft.bucket":1,"stat.craftItem.minecraft.planks":836,"stat.useItem.minecraft.iron_sword":475,"stat.useItem.midnight.viridshroom_planks":7,"stat.craftItem.minecraft.fishing_rod":1,"stat.pickup.minecraft.book":21,"stat.mineBlock.minecraft.log":36,"stat.craftItem.minecraft.cooked_chicken":4,"stat.useItem.carryon.entity_item":29,"stat.pickup.minecraft.red_flower":3,"stat.sneakTime":23957,"stat.pickup.minecraft.wool":2,"stat.useItem.minecraft.baked_potato":150,"stat.pickup.midnight.viridshroom_stem":2,"stat.useItem.minecraft.wooden_axe":30,"stat.pickup.minecraft.yellow_flower":6,"stat.useItem.minecraft.beetroot":34,"stat.pickup.minecraft.chest":2,"stat.pickup.minecraft.bone":68,"stat.useItem.midnight.dewshroom_planks":8,"stat.useItem.minecraft.iron_axe":219,"stat.mineBlock.aether_legacy.berry_bush_stem":1,"stat.mineBlock.minecraft.cobblestone":230,"stat.mineBlock.minecraft.pumpkin":1,"stat.entityKilledBy.midnight.rifter":1,"stat.pickup.minecraft.flint":3,"stat.mineBlock.minecraft.yellow_flower":5,"stat.pickup.minecraft.leather_chestplate":1,"stat.mineBlock.minecraft.brown_mushroom":13,"stat.craftItem.minecraft.wool":4,"stat.swimOneCm":59865,"stat.climbOneCm":1012,"stat.mineBlock.chisel.cobblestone2":21,"stat.mineBlock.chisel.cobblestone1":1,"stat.drop.aether_legacy.aether_log":2,"stat.useItem.minecraft.obsidian":12,"stat.useItem.minecraft.dirt":1419,"stat.killEntity.swet":1,"stat.useItem.minecraft.stone_slab2":159,"stat.pickup.minecraft.bow":7,"stat.useItem.midnight.nightshroom_planks":7,"stat.pickup.midnight.dewshroom_planks":1,"stat.mineBlock.chisel.cobblestone":12,"stat.craftItem.minecraft.furnace":11,"stat.useItem.minecraft.egg":5,"stat.craftItem.minecraft.iron_boots":2,"stat.craftItem.minecraft.spruce_boat":1,"stat.pickup.minecraft.anvil":1,"stat.craftItem.minecraft.stone_pickaxe":5,"stat.craftItem.minecraft.cooked_beef":6,"stat.mineBlock.minecraft.obsidian":26,"stat.pickup.minecraft.cobblestone":1163,"stat.pickup.aether_legacy.aether_dirt":3,"stat.craftItem.minecraft.bow":2,"stat.drop.chisel.chisel_iron":2,"stat.flyOneCm":1568599,"stat.useItem.chisel.cobblestone":9,"stat.pickup.minecraft.glass_bottle":1,"stat.drop.minecraft.wheat_seeds":2,"stat.pickup.aether_legacy.blue_berry":3,"stat.craftItem.minecraft.wooden_slab":6,"stat.pickup.minecraft.redstone":60,"stat.mineBlock.minecraft.iron_ore":218,"stat.timeSinceDeath":1587,"stat.useItem.aether_legacy.blue_berry":3,"stat.useItem.minecraft.wooden_slab":4,"stat.pickup.minecraft.mutton":2,"stat.craftItem.minecraft.iron_block":3,"stat.useItem.minecraft.potato":27,"stat.pickup.minecraft.chainmail_helmet":1,"stat.pickup.minecraft.stonebrick":1,"stat.useItem.minecraft.cooked_porkchop":18,"stat.drop.minecraft.beetroot_seeds":1,"stat.mineBlock.minecraft.coal_ore":433,"stat.killEntity.Creeper":18,"stat.pickup.minecraft.shield":1,"stat.talkedToVillager":15,"stat.drop.minecraft.baked_potato":19,"stat.pickup.aether_legacy.swetty_ball":1,"stat.pickup.minecraft.string":19,"stat.killEntity.midnight.nightstag":2,"stat.pickup.tombstone.crafting_ingredient":30,"stat.entityKilledBy.Skeleton":3,"stat.craftItem.minecraft.stone_slab2":0,"stat.mineBlock.midnight.viridshroom_stem":2,"stat.sprintOneCm":1572110,"stat.craftItem.minecraft.stick":272,"stat.craftItem.minecraft.wooden_axe":1,"stat.useItem.tombstone.magic_scroll":4,"stat.useItem.minecraft.stone_slab":4,"stat.useItem.carryon.tile_item":3,"stat.craftItem.minecraft.stone":9,"stat.mineBlock.minecraft.diamond_ore":4,"stat.useItem.minecraft.snowball":290,"stat.mineBlock.minecraft.crafting_table":16,"tombstone:use_vanishing":8,"stat.useItem.minecraft.diamond_pickaxe":32,"stat.useItem.minecraft.carrot":11,"stat.drop.minecraft.golden_apple":1,"stat.pickup.minecraft.leather_leggings":1,"stat.entityKilledBy.Creeper":1,"stat.mineBlock.minecraft.planks":31,"stat.drop":49,"stat.mineBlock.aether_legacy.aether_log":1,"stat.craftItem.minecraft.diamond_pickaxe":1,"stat.pickup.minecraft.golden_chestplate":1,"stat.craftItem.securitycraft.keypad_chest":1,"stat.killEntity.Zombie":113,"stat.pickup.minecraft.snowball":150,"stat.craftItem.minecraft.dye":32,"stat.mineBlock.minecraft.gold_ore":25,"stat.diveOneCm":72238,"stat.pickup.minecraft.wheat":62,"stat.mineBlock.midnight.dewshroom_planks":1,"stat.drop.minecraft.wooden_pickaxe":1,"stat.pickup.minecraft.gravel":18,"stat.craftItem.minecraft.cooked_porkchop":81,"stat.mineBlock.minecraft.anvil":1,"stat.pickup.minecraft.obsidian":48,"stat.useItem.minecraft.rotten_flesh":26,"stat.pickup.xlfoodmod.onion":1,"stat.craftItem.travelersbackpack.backpack_tank":2,"stat.jump":9839,"stat.useItem.minecraft.sand":2,"stat.pickup.minecraft.coal":881,"stat.pickup.minecraft.iron_ingot":23,"stat.craftItem.minecraft.lever":1,"stat.useItem.minecraft.stone_axe":53,"stat.pickup.minecraft.gunpowder":30,"stat.craftItem.minecraft.bread":12,"stat.pickup.minecraft.spider_eye":4,"stat.craftItem.minecraft.torch":472,"stat.pickup.minecraft.dirt":1798,"stat.craftItem.minecraft.iron_helmet":2,"stat.drop.minecraft.iron_shovel":1,"stat.craftItem.midnight.viridshroom_planks":8,"stat.useItem.minecraft.cooked_chicken":1,"stat.pickup.minecraft.iron_ore":216,"stat.pickup.aether_legacy.berry_bush_stem":2,"stat.boatOneCm":152296,"stat.pickup.minecraft.gold_ore":25,"stat.useItem.minecraft.sapling":20,"stat.mineBlock.minecraft.lapis_ore":10,"stat.craftItem.minecraft.flint_and_steel":1,"stat.damageTaken":11921,"stat.pickup.minecraft.leather":8,"stat.mineBlock.minecraft.torch":97,"stat.mineBlock.minecraft.furnace":12,"stat.mineBlock.minecraft.red_flower":3,"stat.useItem.minecraft.wooden_pickaxe":38,"stat.mineBlock.minecraft.sapling":3,"stat.craftItem.minecraft.glowstone":14,"stat.craftItem.aether_legacy.skyroot_plank":12,"stat.pickup.minecraft.reeds":28,"tombstone:undead_killed":177,"stat.pickup.xlfoodmod.rice_seeds":1,"stat.drop.chisel.cobblestone2":1,"stat.pickup.minecraft.potato":264,"stat.entityKilledBy.Zombie":1,"stat.craftItem.midnight.nightshroom_planks":8,"stat.damageDealt":49392,"stat.craftItem.minecraft.glass":63,"stat.craftItem.minecraft.bowl":4,"stat.craftItem.minecraft.baked_potato":115,"stat.craftItem.minecraft.anvil":1,"stat.killEntity.Cow":12,"stat.useItem.tombstone.dust_of_vanishing":4,"stat.killEntity.Pig":43,"stat.craftItem.minecraft.iron_sword":3,"stat.craftItem.minecraft.stone_slab":18,"stat.walkOneCm":2480870,"stat.playerKills":1,"stat.useItem.minecraft.chest":12,"stat.pickup.minecraft.stick":2,"stat.mineBlock.midnight.dewshroom_stem":2,"stat.useItem.minecraft.lava_bucket":1,"stat.useItem.minecraft.spruce_boat":6,"stat.useItem.tombstone.gift":2,"stat.useItem.minecraft.item_frame":6,"stat.pickup.aether_legacy.aether_log":5,"stat.pickup.minecraft.stone":21,"stat.craftItem.minecraft.iron_chestplate":2,"stat.pickup.minecraft.baked_potato":56,"stat.pickup.minecraft.ender_pearl":1,"stat.useItem.minecraft.netherrack":20,"stat.mineBlock.aether_legacy.aether_grass":8,"stat.killEntity.Skeleton":55,"stat.craftItem.travelersbackpack.sleeping_bag_bottom":1,"stat.mineBlock.minecraft.stonebrick":1,"stat.killEntity.Chicken":4,"stat.killEntity.Spider":17,"stat.pickup.minecraft.bread":10,"stat.mineBlock.minecraft.quartz_ore":15,"stat.mineBlock.minecraft.glowstone":20,"stat.pickup.midnight.nightshroom_stem":2,"stat.mobKills":312,"stat.mineBlock.minecraft.bookshelf":7,"stat.craftItem.minecraft.shears":1,"stat.pickup.minecraft.quartz":14,"stat.useItem.minecraft.golden_apple":1,"stat.pickup.minecraft.diamond":4,"stat.mineBlock.minecraft.leaves":37,"stat.pickup.minecraft.beetroot_seeds":51,"stat.pickup.minecraft.torch":140,"stat.useItem.chisel.cobblestone1":3,"stat.mineBlock.minecraft.redstone_ore":13,"stat.useItem.chisel.cobblestone2":151,"stat.drop.minecraft.stone_axe":1,"stat.pickup.minecraft.spruce_boat":6,"stat.mineBlock.minecraft.stone":968}