{"stat.useItem.midnight.dewshroom_planks":8,"stat.leaveGame":5,"stat.mineBlock.minecraft.cobblestone":4,"stat.pickup.tombstone.familiar_stone":1,"stat.useItem.minecraft.mutton":2,"stat.swimOneCm":6167,"stat.useItem.minecraft.planks":5,"stat.useItem.minecraft.dirt":1,"stat.useItem.minecraft.stone_slab2":11,"stat.useItem.midnight.nightshroom_planks":7,"stat.pickup.minecraft.rotten_flesh":12,"stat.pickup.midnight.dewshroom_planks":1,"stat.craftItem.minecraft.furnace":1,"stat.pickup.midnight.dewshroom_stem":2,"stat.useItem.minecraft.egg":2,"stat.craftItem.minecraft.stone_axe":1,"stat.craftItem.minecraft.stone_pickaxe":1,"stat.pickup.minecraft.cobblestone":75,"stat.craftItem.minecraft.stone_sword":1,"stat.flyOneCm":60284,"stat.timeSinceDeath":58026,"stat.craftItem.minecraft.wooden_pickaxe":1,"stat.pickup.minecraft.mutton":2,"stat.killEntity.midnight.rifter":1,"stat.mineBlock.midnight.nightshroom_stem":2,"stat.furnaceInteraction":4,"stat.killEntity.ZombieVillager":5,"stat.mineBlock.minecraft.coal_ore":43,"stat.killEntity.Creeper":3,"stat.talkedToVillager":10,"stat.pickup.minecraft.beef":12,"stat.craftItem.minecraft.stone_slab2":0,"stat.mineBlock.midnight.viridshroom_stem":2,"stat.sprintOneCm":95222,"stat.craftItem.minecraft.stick":48,"stat.craftItem.minecraft.wooden_axe":1,"stat.mineBlock.minecraft.crafting_table":2,"stat.useItem.minecraft.carrot":2,"stat.useItem.minecraft.beef":12,"stat.deaths":1,"stat.pickup.minecraft.egg":2,"stat.playOneMinute":63546,"stat.killEntity.Zombie":5,"stat.pickup.zawa.care_guide":1,"stat.diveOneCm":3035,"stat.pickup.minecraft.wheat":13,"stat.chestOpened":7,"stat.mineBlock.midnight.dewshroom_planks":1,"stat.useItem.minecraft.rotten_flesh":5,"stat.pickup.xlfoodmod.onion":1,"stat.jump":653,"stat.pickup.minecraft.coal":43,"stat.fallOneCm":7272,"stat.pickup.minecraft.carrot":16,"stat.useItem.minecraft.stone_axe":34,"stat.pickup.minecraft.gunpowder":5,"stat.crouchOneCm":2084,"stat.craftItem.minecraft.torch":12,"stat.craftItem.minecraft.chest":1,"stat.pickup.minecraft.dirt":6,"stat.craftItem.midnight.viridshroom_planks":8,"stat.craftingTableInteraction":7,"stat.damageTaken":1025,"stat.pickup.minecraft.leather":5,"stat.useItem.minecraft.wooden_pickaxe":26,"stat.pickup.minecraft.reeds":7,"tombstone:undead_killed":11,"stat.pickup.minecraft.wheat_seeds":24,"stat.pickup.xlfoodmod.rice_seeds":1,"stat.pickup.minecraft.potato":13,"stat.useItem.minecraft.stone_pickaxe":91,"stat.useItem.minecraft.stone_sword":59,"stat.craftItem.midnight.nightshroom_planks":8,"stat.damageDealt":3954,"stat.craftItem.minecraft.baked_potato":13,"stat.killEntity.Cow":8,"stat.mineBlock.xlfoodmod.grass":1,"stat.mineBlock.minecraft.dirt":6,"stat.walkOneCm":180376,"stat.useItem.minecraft.torch":2,"stat.pickup.minecraft.crafting_table":2,"stat.mineBlock.midnight.dewshroom_stem":2,"stat.useItem.minecraft.cobblestone":4,"stat.craftItem.minecraft.crafting_table":4,"stat.mineBlock.minecraft.double_plant":1,"stat.craftItem.midnight.dewshroom_planks":8,"stat.pickup.minecraft.log":67,"stat.pickup.minecraft.stone":1,"stat.pickup.minecraft.sapling":5,"stat.killEntity.Skeleton":1,"stat.pickup.minecraft.beetroot":27,"stat.craftItem.minecraft.planks":76,"stat.useItem.midnight.viridshroom_planks":7,"stat.pickup.midnight.nightshroom_stem":2,"stat.mobKills":23,"stat.mineBlock.minecraft.log":34,"stat.useItem.carryon.entity_item":4,"stat.mineBlock.minecraft.leaves":10,"stat.pickup.minecraft.beetroot_seeds":49,"stat.sneakTime":929,"stat.pickup.minecraft.wool":1,"stat.useItem.minecraft.baked_potato":5,"stat.pickup.midnight.viridshroom_stem":2,"stat.useItem.minecraft.wooden_axe":30,"stat.mineBlock.minecraft.stone":68,"stat.useItem.minecraft.beetroot":6}