{"stat.useItem.minecraft.bow":20,"stat.leaveGame":20,"stat.craftItem.minecraft.iron_axe":1,"stat.pickup.tombstone.familiar_stone":2,"stat.useItem.minecraft.mutton":2,"stat.pickup.zawa.worm":16,"stat.useItem.minecraft.planks":40,"stat.craftItem.minecraft.shield":2,"stat.useItem.minecraft.water_bucket":20,"stat.pickup.minecraft.rotten_flesh":54,"stat.pickup.minecraft.sand":2,"stat.pickup.midnight.dewshroom_stem":2,"stat.craftItem.minecraft.stone_axe":1,"stat.killEntity.Enderman":1,"stat.craftItem.minecraft.stone_sword":2,"stat.craftItem.minecraft.iron_shovel":6,"stat.mineBlock.minecraft.snow_layer":23,"stat.pickup.chisel.cobblestone2":7,"stat.useItem.minecraft.iron_pickaxe":848,"stat.craftItem.minecraft.wooden_pickaxe":1,"stat.killEntity.midnight.rifter":2,"stat.useItem.minecraft.iron_shovel":1079,"stat.mineBlock.midnight.nightshroom_stem":2,"stat.furnaceInteraction":78,"stat.killEntity.ZombieVillager":8,"stat.pickup.minecraft.beef":12,"stat.pickup.minecraft.furnace":10,"stat.pickup.tombstone.magic_scroll":1,"stat.useItem.minecraft.beef":12,"stat.deaths":7,"stat.pickup.minecraft.egg":2,"stat.playOneMinute":304534,"stat.drop.minecraft.string":1,"stat.craftItem.minecraft.iron_pickaxe":4,"stat.pickup.zawa.care_guide":1,"stat.mineBlock.minecraft.tallgrass":11,"stat.chestOpened":48,"stat.pickup.minecraft.arrow":21,"stat.fallOneCm":62990,"stat.pickup.minecraft.carrot":25,"stat.drop.minecraft.stone_sword":1,"stat.crouchOneCm":32820,"stat.craftItem.minecraft.chest":3,"stat.craftItem.minecraft.iron_ingot":132,"stat.pickup.minecraft.red_mushroom":3,"stat.craftingTableInteraction":49,"stat.pickup.minecraft.wooden_pickaxe":2,"stat.pickup.minecraft.feather":1,"stat.useItem.minecraft.furnace":8,"stat.pickup.minecraft.dye":62,"stat.pickup.minecraft.planks":11,"stat.pickup.minecraft.wheat_seeds":60,"stat.pickup.chisel.cobblestone":9,"stat.useItem.minecraft.stone_pickaxe":222,"stat.useItem.minecraft.stone_sword":142,"stat.mineBlock.xlfoodmod.grass":1,"stat.mineBlock.minecraft.dirt":1096,"stat.useItem.minecraft.torch":275,"stat.useItem.minecraft.bread":4,"stat.drop.minecraft.rotten_flesh":2,"stat.pickup.minecraft.crafting_table":11,"stat.useItem.minecraft.cobblestone":316,"stat.craftItem.minecraft.crafting_table":6,"stat.mineBlock.minecraft.double_plant":1,"stat.craftItem.midnight.dewshroom_planks":8,"stat.pickup.minecraft.log":77,"stat.craftItem.tombstone.dust_of_vanishing":10,"stat.drop.minecraft.carrot":5,"stat.craftItem.minecraft.gold_ingot":15,"stat.pickup.minecraft.chicken":1,"stat.craftItem.chisel.chisel_iron":1,"stat.pickup.minecraft.sapling":13,"stat.pickup.minecraft.beetroot":67,"stat.craftItem.minecraft.bucket":1,"stat.craftItem.minecraft.planks":268,"stat.useItem.minecraft.iron_sword":221,"stat.useItem.midnight.viridshroom_planks":7,"stat.craftItem.minecraft.fishing_rod":1,"stat.mineBlock.minecraft.log":34,"stat.craftItem.minecraft.cooked_chicken":1,"stat.useItem.carryon.entity_item":4,"stat.sneakTime":14200,"stat.pickup.minecraft.wool":1,"stat.useItem.minecraft.baked_potato":36,"stat.pickup.midnight.viridshroom_stem":2,"stat.useItem.minecraft.wooden_axe":30,"stat.pickup.minecraft.yellow_flower":5,"stat.useItem.minecraft.beetroot":34,"stat.pickup.minecraft.bone":21,"stat.useItem.midnight.dewshroom_planks":8,"stat.useItem.minecraft.iron_axe":3,"stat.mineBlock.minecraft.cobblestone":118,"stat.mineBlock.minecraft.yellow_flower":4,"stat.swimOneCm":24657,"stat.mineBlock.chisel.cobblestone2":7,"stat.useItem.minecraft.dirt":917,"stat.useItem.minecraft.stone_slab2":63,"stat.pickup.minecraft.bow":2,"stat.useItem.midnight.nightshroom_planks":7,"stat.pickup.midnight.dewshroom_planks":1,"stat.mineBlock.chisel.cobblestone":9,"stat.craftItem.minecraft.furnace":4,"stat.useItem.minecraft.egg":2,"stat.craftItem.minecraft.iron_boots":1,"stat.craftItem.minecraft.spruce_boat":1,"stat.craftItem.minecraft.stone_pickaxe":2,"stat.mineBlock.minecraft.obsidian":26,"stat.pickup.minecraft.cobblestone":542,"stat.craftItem.minecraft.bow":1,"stat.flyOneCm":420375,"stat.useItem.chisel.cobblestone":9,"stat.drop.minecraft.wheat_seeds":2,"stat.craftItem.minecraft.wooden_slab":6,"stat.pickup.minecraft.redstone":60,"stat.mineBlock.minecraft.iron_ore":157,"stat.timeSinceDeath":116061,"stat.useItem.minecraft.wooden_slab":4,"stat.pickup.minecraft.mutton":2,"stat.mineBlock.minecraft.coal_ore":292,"stat.killEntity.Creeper":9,"stat.talkedToVillager":11,"stat.pickup.minecraft.string":7,"stat.pickup.tombstone.crafting_ingredient":12,"stat.entityKilledBy.Skeleton":3,"stat.craftItem.minecraft.stone_slab2":0,"stat.mineBlock.midnight.viridshroom_stem":2,"stat.sprintOneCm":469510,"stat.craftItem.minecraft.stick":144,"stat.craftItem.minecraft.wooden_axe":1,"stat.useItem.tombstone.magic_scroll":2,"stat.mineBlock.minecraft.diamond_ore":4,"stat.mineBlock.minecraft.crafting_table":11,"tombstone:use_vanishing":4,"stat.useItem.minecraft.diamond_pickaxe":32,"stat.useItem.minecraft.carrot":11,"stat.mineBlock.minecraft.planks":11,"stat.drop":13,"stat.craftItem.minecraft.diamond_pickaxe":1,"stat.killEntity.Zombie":45,"stat.pickup.minecraft.snowball":93,"stat.mineBlock.minecraft.gold_ore":15,"stat.diveOneCm":12025,"stat.pickup.minecraft.wheat":62,"stat.mineBlock.midnight.dewshroom_planks":1,"stat.drop.minecraft.wooden_pickaxe":1,"stat.pickup.minecraft.obsidian":48,"stat.useItem.minecraft.rotten_flesh":26,"stat.pickup.xlfoodmod.onion":1,"stat.jump":3678,"stat.pickup.minecraft.coal":686,"stat.pickup.minecraft.iron_ingot":23,"stat.useItem.minecraft.stone_axe":53,"stat.pickup.minecraft.gunpowder":16,"stat.craftItem.minecraft.bread":12,"stat.craftItem.minecraft.torch":392,"stat.pickup.minecraft.dirt":1110,"stat.craftItem.minecraft.iron_helmet":1,"stat.craftItem.midnight.viridshroom_planks":8,"stat.useItem.minecraft.cooked_chicken":1,"stat.pickup.minecraft.iron_ore":155,"stat.pickup.minecraft.gold_ore":15,"stat.mineBlock.minecraft.lapis_ore":10,"stat.damageTaken":4804,"stat.pickup.minecraft.leather":5,"stat.mineBlock.minecraft.torch":28,"stat.mineBlock.minecraft.furnace":8,"stat.useItem.minecraft.wooden_pickaxe":26,"stat.mineBlock.minecraft.sapling":1,"stat.pickup.minecraft.reeds":7,"tombstone:undead_killed":70,"stat.pickup.xlfoodmod.rice_seeds":1,"stat.pickup.minecraft.potato":92,"stat.craftItem.midnight.nightshroom_planks":8,"stat.damageDealt":19419,"stat.craftItem.minecraft.bowl":4,"stat.craftItem.minecraft.baked_potato":43,"stat.killEntity.Cow":8,"stat.useItem.tombstone.dust_of_vanishing":3,"stat.craftItem.minecraft.iron_sword":1,"stat.walkOneCm":1273072,"stat.mineBlock.midnight.dewshroom_stem":2,"stat.useItem.minecraft.lava_bucket":1,"stat.useItem.minecraft.spruce_boat":1,"stat.useItem.tombstone.gift":2,"stat.pickup.minecraft.stone":20,"stat.craftItem.minecraft.iron_chestplate":1,"stat.pickup.minecraft.baked_potato":49,"stat.killEntity.Skeleton":17,"stat.killEntity.Chicken":1,"stat.killEntity.Spider":7,"stat.pickup.minecraft.bread":10,"stat.pickup.midnight.nightshroom_stem":2,"stat.mobKills":108,"stat.useItem.minecraft.golden_apple":1,"stat.pickup.minecraft.diamond":4,"stat.mineBlock.minecraft.leaves":10,"stat.pickup.minecraft.beetroot_seeds":49,"stat.pickup.minecraft.torch":36,"stat.useItem.chisel.cobblestone1":3,"stat.mineBlock.minecraft.redstone_ore":13,"stat.useItem.chisel.cobblestone2":70,"stat.drop.minecraft.stone_axe":1,"stat.pickup.minecraft.spruce_boat":1,"stat.mineBlock.minecraft.stone":453}