{"stat.pickup.minecraft.bone":2,"stat.useItem.midnight.dewshroom_planks":8,"stat.leaveGame":8,"stat.mineBlock.minecraft.cobblestone":4,"stat.pickup.tombstone.familiar_stone":2,"stat.useItem.minecraft.mutton":2,"stat.swimOneCm":14802,"stat.useItem.minecraft.planks":5,"stat.useItem.minecraft.dirt":1,"stat.useItem.minecraft.stone_slab2":13,"stat.useItem.midnight.nightshroom_planks":7,"stat.pickup.minecraft.rotten_flesh":28,"stat.pickup.midnight.dewshroom_planks":1,"stat.pickup.minecraft.sand":2,"stat.craftItem.minecraft.furnace":1,"stat.pickup.midnight.dewshroom_stem":2,"stat.useItem.minecraft.egg":2,"stat.craftItem.minecraft.stone_axe":1,"stat.craftItem.minecraft.stone_pickaxe":2,"stat.pickup.minecraft.cobblestone":80,"stat.craftItem.minecraft.stone_sword":2,"stat.flyOneCm":101148,"stat.mineBlock.minecraft.iron_ore":9,"stat.timeSinceDeath":982,"stat.craftItem.minecraft.wooden_pickaxe":1,"stat.pickup.minecraft.mutton":2,"stat.killEntity.midnight.rifter":1,"stat.mineBlock.midnight.nightshroom_stem":2,"stat.furnaceInteraction":7,"stat.killEntity.ZombieVillager":7,"stat.mineBlock.minecraft.coal_ore":76,"stat.killEntity.Creeper":5,"stat.talkedToVillager":11,"stat.pickup.minecraft.beef":12,"stat.pickup.tombstone.crafting_ingredient":2,"stat.entityKilledBy.Skeleton":1,"stat.craftItem.minecraft.stone_slab2":0,"stat.mineBlock.midnight.viridshroom_stem":2,"stat.sprintOneCm":138205,"stat.craftItem.minecraft.stick":48,"stat.craftItem.minecraft.wooden_axe":1,"stat.mineBlock.minecraft.crafting_table":3,"stat.useItem.minecraft.carrot":11,"stat.useItem.minecraft.beef":12,"stat.deaths":2,"stat.drop":6,"stat.pickup.minecraft.egg":2,"stat.playOneMinute":101425,"stat.killEntity.Zombie":17,"stat.pickup.zawa.care_guide":1,"stat.diveOneCm":3035,"stat.pickup.minecraft.wheat":15,"stat.chestOpened":11,"stat.mineBlock.midnight.dewshroom_planks":1,"stat.drop.minecraft.wooden_pickaxe":1,"stat.pickup.minecraft.arrow":2,"stat.useItem.minecraft.rotten_flesh":5,"stat.pickup.xlfoodmod.onion":1,"stat.jump":1181,"stat.pickup.minecraft.coal":73,"stat.fallOneCm":15341,"stat.pickup.minecraft.carrot":25,"stat.useItem.minecraft.stone_axe":43,"stat.pickup.minecraft.gunpowder":8,"stat.crouchOneCm":5258,"stat.craftItem.minecraft.torch":12,"stat.craftItem.minecraft.chest":1,"stat.pickup.minecraft.dirt":9,"stat.craftItem.midnight.viridshroom_planks":8,"stat.craftingTableInteraction":9,"stat.pickup.minecraft.iron_ore":9,"stat.pickup.minecraft.wooden_pickaxe":2,"stat.damageTaken":1549,"stat.pickup.minecraft.leather":5,"stat.useItem.minecraft.wooden_pickaxe":26,"stat.pickup.minecraft.reeds":7,"tombstone:undead_killed":25,"stat.pickup.minecraft.wheat_seeds":26,"stat.pickup.xlfoodmod.rice_seeds":1,"stat.pickup.minecraft.potato":13,"stat.useItem.minecraft.stone_pickaxe":139,"stat.useItem.minecraft.stone_sword":130,"stat.craftItem.midnight.nightshroom_planks":8,"stat.damageDealt":7513,"stat.craftItem.minecraft.baked_potato":13,"stat.killEntity.Cow":8,"stat.mineBlock.xlfoodmod.grass":1,"stat.mineBlock.minecraft.dirt":7,"stat.walkOneCm":349473,"stat.useItem.minecraft.torch":10,"stat.pickup.minecraft.crafting_table":3,"stat.mineBlock.midnight.dewshroom_stem":2,"stat.useItem.minecraft.cobblestone":19,"stat.craftItem.minecraft.crafting_table":4,"stat.mineBlock.minecraft.double_plant":1,"stat.craftItem.midnight.dewshroom_planks":8,"stat.pickup.minecraft.log":67,"stat.craftItem.tombstone.dust_of_vanishing":1,"stat.drop.minecraft.carrot":5,"stat.pickup.minecraft.stone":1,"stat.pickup.minecraft.sapling":12,"stat.killEntity.Skeleton":1,"stat.pickup.minecraft.beetroot":27,"stat.craftItem.minecraft.planks":88,"stat.useItem.midnight.viridshroom_planks":7,"stat.killEntity.Spider":1,"stat.pickup.midnight.nightshroom_stem":2,"stat.mobKills":41,"stat.mineBlock.minecraft.log":34,"stat.useItem.carryon.entity_item":4,"stat.mineBlock.minecraft.leaves":10,"stat.pickup.minecraft.beetroot_seeds":49,"stat.sneakTime":2004,"stat.pickup.minecraft.wool":1,"stat.useItem.minecraft.baked_potato":5,"stat.pickup.midnight.viridshroom_stem":2,"stat.useItem.minecraft.wooden_axe":30,"stat.mineBlock.minecraft.stone":74,"stat.useItem.minecraft.beetroot":17}