{"stat.useItem.midnight.dewshroom_planks":8,"stat.leaveGame":5,"stat.mineBlock.minecraft.cobblestone":4,"stat.pickup.tombstone.familiar_stone":2,"stat.useItem.minecraft.mutton":2,"stat.swimOneCm":10829,"stat.useItem.minecraft.planks":5,"stat.useItem.minecraft.dirt":1,"stat.useItem.minecraft.stone_slab2":12,"stat.useItem.midnight.nightshroom_planks":7,"stat.pickup.minecraft.rotten_flesh":26,"stat.pickup.midnight.dewshroom_planks":1,"stat.craftItem.minecraft.furnace":1,"stat.pickup.midnight.dewshroom_stem":2,"stat.useItem.minecraft.egg":2,"stat.craftItem.minecraft.stone_axe":1,"stat.craftItem.minecraft.stone_pickaxe":1,"stat.pickup.minecraft.cobblestone":75,"stat.craftItem.minecraft.stone_sword":1,"stat.flyOneCm":96294,"stat.timeSinceDeath":83226,"stat.craftItem.minecraft.wooden_pickaxe":1,"stat.pickup.minecraft.mutton":2,"stat.killEntity.midnight.rifter":1,"stat.mineBlock.midnight.nightshroom_stem":2,"stat.furnaceInteraction":7,"stat.killEntity.ZombieVillager":7,"stat.mineBlock.minecraft.coal_ore":43,"stat.killEntity.Creeper":5,"stat.talkedToVillager":11,"stat.pickup.minecraft.beef":12,"stat.pickup.tombstone.crafting_ingredient":2,"stat.craftItem.minecraft.stone_slab2":0,"stat.mineBlock.midnight.viridshroom_stem":2,"stat.sprintOneCm":130469,"stat.craftItem.minecraft.stick":48,"stat.craftItem.minecraft.wooden_axe":1,"stat.mineBlock.minecraft.crafting_table":2,"stat.useItem.minecraft.carrot":11,"stat.useItem.minecraft.beef":12,"stat.deaths":1,"stat.drop":5,"stat.pickup.minecraft.egg":2,"stat.playOneMinute":88746,"stat.killEntity.Zombie":16,"stat.pickup.zawa.care_guide":1,"stat.diveOneCm":3035,"stat.pickup.minecraft.wheat":15,"stat.chestOpened":10,"stat.mineBlock.midnight.dewshroom_planks":1,"stat.useItem.minecraft.rotten_flesh":5,"stat.pickup.xlfoodmod.onion":1,"stat.jump":1026,"stat.pickup.minecraft.coal":43,"stat.fallOneCm":14196,"stat.pickup.minecraft.carrot":25,"stat.useItem.minecraft.stone_axe":42,"stat.pickup.minecraft.gunpowder":8,"stat.crouchOneCm":3840,"stat.craftItem.minecraft.torch":12,"stat.craftItem.minecraft.chest":1,"stat.pickup.minecraft.dirt":7,"stat.craftItem.midnight.viridshroom_planks":8,"stat.craftingTableInteraction":7,"stat.damageTaken":1339,"stat.pickup.minecraft.leather":5,"stat.useItem.minecraft.wooden_pickaxe":26,"stat.pickup.minecraft.reeds":7,"tombstone:undead_killed":24,"stat.pickup.minecraft.wheat_seeds":26,"stat.pickup.xlfoodmod.rice_seeds":1,"stat.pickup.minecraft.potato":13,"stat.useItem.minecraft.stone_pickaxe":91,"stat.useItem.minecraft.stone_sword":126,"stat.craftItem.midnight.nightshroom_planks":8,"stat.damageDealt":7314,"stat.craftItem.minecraft.baked_potato":13,"stat.killEntity.Cow":8,"stat.mineBlock.xlfoodmod.grass":1,"stat.mineBlock.minecraft.dirt":7,"stat.walkOneCm":306156,"stat.useItem.minecraft.torch":2,"stat.pickup.minecraft.crafting_table":2,"stat.mineBlock.midnight.dewshroom_stem":2,"stat.useItem.minecraft.cobblestone":4,"stat.craftItem.minecraft.crafting_table":4,"stat.mineBlock.minecraft.double_plant":1,"stat.craftItem.midnight.dewshroom_planks":8,"stat.pickup.minecraft.log":67,"stat.craftItem.tombstone.dust_of_vanishing":1,"stat.drop.minecraft.carrot":5,"stat.pickup.minecraft.stone":1,"stat.pickup.minecraft.sapling":12,"stat.killEntity.Skeleton":1,"stat.pickup.minecraft.beetroot":27,"stat.craftItem.minecraft.planks":76,"stat.useItem.midnight.viridshroom_planks":7,"stat.killEntity.Spider":1,"stat.pickup.midnight.nightshroom_stem":2,"stat.mobKills":40,"stat.mineBlock.minecraft.log":34,"stat.useItem.carryon.entity_item":4,"stat.mineBlock.minecraft.leaves":10,"stat.pickup.minecraft.beetroot_seeds":49,"stat.sneakTime":1119,"stat.pickup.minecraft.wool":1,"stat.useItem.minecraft.baked_potato":5,"stat.pickup.midnight.viridshroom_stem":2,"stat.useItem.minecraft.wooden_axe":30,"stat.mineBlock.minecraft.stone":68,"stat.useItem.minecraft.beetroot":13}