{"stat.useItem.minecraft.bow":76,"stat.pickup.midnight.hunter_wing":2,"stat.leaveGame":30,"stat.pickup.tombstone.familiar_stone":6,"stat.useItem.minecraft.glowstone":12,"stat.pickup.zawa.worm":62,"stat.craftItem.minecraft.shield":5,"stat.drop.minecraft.iron_sword":1,"stat.pickup.minecraft.rotten_flesh":133,"stat.craftItem.minecraft.stone_axe":2,"stat.killEntity.Enderman":4,"stat.craftItem.minecraft.iron_shovel":11,"stat.pickup.minecraft.brown_mushroom":12,"stat.killEntity.Witch":3,"stat.craftItem.midnight.cook_suavis":5,"stat.useItem.minecraft.iron_pickaxe":2666,"stat.craftItem.minecraft.wooden_pickaxe":2,"stat.killEntity.midnight.rifter":7,"stat.useItem.minecraft.iron_shovel":3226,"stat.pickup.minecraft.double_plant":1,"stat.craftItem.midnight.cook_hunter_wing":2,"stat.craftItem.minecraft.bed":1,"stat.furnaceInteraction":275,"stat.killEntity.ZombieVillager":9,"stat.mineBlock.aether_legacy.berry_bush":2,"stat.useItem.aether_legacy.phoenix_bow":5,"stat.pickup.minecraft.beef":29,"stat.pickup.chisel.stonebrick":1,"stat.pickup.minecraft.leather_helmet":1,"stat.useItem.minecraft.flint_and_steel":18,"stat.useItem.minecraft.dye":28,"stat.useItem.minecraft.beef":12,"stat.mineBlock.midnight.suavis":6,"stat.deaths":11,"stat.pickup.minecraft.egg":16,"stat.craftItem.minecraft.item_frame":8,"stat.killEntity.midnight.hunter":1,"stat.craftItem.minecraft.iron_pickaxe":15,"stat.pickup.minecraft.item_frame":1,"stat.pickup.zawa.care_guide":1,"stat.useItem.midnight.cook_hunter_wing":2,"stat.mineBlock.minecraft.tallgrass":32,"stat.chestOpened":613,"stat.useItem.midnight.raw_suavis":4,"stat.pickup.minecraft.arrow":84,"stat.pickup.minecraft.iron_sword":1,"stat.drop.minecraft.iron_pickaxe":1,"stat.pickup.minecraft.carrot":26,"stat.drop.minecraft.stone_sword":1,"stat.crouchOneCm":99423,"stat.mineBlock.minecraft.chest":2,"stat.craftItem.minecraft.iron_ingot":193,"stat.craftingTableInteraction":117,"stat.pickup.securitycraft.keypad_chest":1,"stat.pickup.minecraft.wooden_pickaxe":2,"stat.pickup.minecraft.dye":62,"stat.pickup.minecraft.planks":140,"stat.pickup.minecraft.wheat_seeds":64,"stat.pickup.chisel.cobblestone":39,"stat.pickup.aether_legacy.aercloud":1,"stat.mineBlock.xlfoodmod.grass":1,"stat.mineBlock.minecraft.dirt":3202,"stat.pickup.minecraft.poisonous_potato":1,"stat.useItem.minecraft.bread":5,"stat.drop.minecraft.rotten_flesh":7,"stat.useItem.minecraft.cobblestone":1001,"stat.useItem.minecraft.gravel":11,"stat.mineBlock.minecraft.double_plant":2,"stat.craftItem.midnight.dewshroom_planks":8,"stat.craftItem.zawa.bullet_rifle":17,"stat.craftItem.tombstone.dust_of_vanishing":12,"stat.pickup.minecraft.iron_pickaxe":1,"stat.drop.minecraft.carrot":5,"stat.craftItem.minecraft.gold_ingot":25,"stat.pickup.minecraft.chicken":20,"stat.craftItem.chisel.chisel_iron":5,"stat.craftItem.minecraft.bucket":1,"stat.craftItem.minecraft.planks":1256,"stat.useItem.minecraft.iron_sword":581,"stat.useItem.midnight.viridshroom_planks":7,"stat.craftItem.minecraft.fishing_rod":1,"stat.pickup.minecraft.book":21,"stat.mineBlock.minecraft.log":36,"stat.useItem.carryon.entity_item":40,"stat.pickup.minecraft.red_flower":8,"stat.pickup.minecraft.wool":8,"stat.pickup.midnight.viridshroom_stem":2,"stat.useItem.minecraft.wooden_axe":30,"stat.useItem.minecraft.iron_axe":466,"stat.mineBlock.aether_legacy.berry_bush_stem":1,"stat.mineBlock.minecraft.cobblestone":291,"stat.mineBlock.minecraft.pumpkin":1,"stat.pickup.minecraft.flint":8,"stat.mineBlock.minecraft.yellow_flower":7,"stat.pickup.minecraft.leather_chestplate":1,"stat.craftItem.minecraft.wool":4,"stat.pickup.minecraft.enchanted_book":1,"stat.mineBlock.chisel.cobblestone2":21,"stat.mineBlock.chisel.cobblestone1":1,"stat.craftItem.minecraft.arrow":24,"stat.useItem.minecraft.obsidian":12,"stat.killEntity.swet":1,"stat.useItem.minecraft.stone_slab2":249,"stat.pickup.minecraft.bow":9,"stat.pickup.midnight.dewshroom_planks":1,"stat.mineBlock.chisel.cobblestone":39,"stat.craftItem.minecraft.furnace":11,"stat.useItem.minecraft.egg":5,"stat.craftItem.minecraft.iron_boots":3,"stat.craftItem.minecraft.spruce_boat":1,"stat.craftItem.minecraft.cooked_beef":11,"stat.mineBlock.minecraft.obsidian":26,"stat.pickup.aether_legacy.aether_dirt":3,"stat.craftItem.minecraft.bow":3,"stat.flyOneCm":2094315,"stat.timeSinceDeath":270905,"stat.useItem.minecraft.wooden_slab":4,"stat.craftItem.minecraft.iron_block":3,"stat.pickup.travelersbackpack.travelers_backpack":1,"stat.useItem.minecraft.potato":27,"stat.pickup.minecraft.chainmail_helmet":1,"stat.mineBlock.minecraft.coal_ore":506,"stat.killEntity.Creeper":25,"stat.pickup.minecraft.shield":1,"stat.talkedToVillager":15,"stat.drop.minecraft.baked_potato":19,"stat.pickup.minecraft.string":25,"stat.killEntity.midnight.nightstag":2,"stat.pickup.tombstone.crafting_ingredient":31,"stat.entityKilledBy.Skeleton":3,"stat.mineBlock.midnight.viridshroom_stem":2,"stat.sprintOneCm":2281188,"stat.craftItem.minecraft.wooden_axe":1,"stat.useItem.tombstone.magic_scroll":4,"stat.useItem.carryon.tile_item":3,"stat.mineBlock.minecraft.diamond_ore":4,"stat.useItem.minecraft.snowball":366,"tombstone:use_vanishing":8,"stat.pickup.minecraft.leather_leggings":1,"stat.pickup.minecraft.sugar":1,"stat.mineBlock.aether_legacy.aether_log":1,"stat.killEntity.Zombie":132,"stat.pickup.minecraft.snowball":230,"stat.craftItem.minecraft.dye":32,"stat.mineBlock.minecraft.gold_ore":25,"stat.diveOneCm":76713,"stat.pickup.minecraft.wheat":62,"stat.mineBlock.midnight.dewshroom_planks":1,"stat.craftItem.minecraft.cooked_porkchop":92,"stat.pickup.minecraft.obsidian":48,"stat.useItem.minecraft.rotten_flesh":26,"stat.pickup.xlfoodmod.onion":1,"stat.craftItem.midnight.cook_stag_flank":3,"stat.jump":13711,"stat.useItem.minecraft.sand":2,"stat.pickup.minecraft.coal":1027,"stat.pickup.minecraft.iron_ingot":23,"stat.craftItem.minecraft.lever":1,"stat.pickup.minecraft.gunpowder":37,"stat.craftItem.minecraft.torch":620,"stat.pickup.minecraft.dirt":3152,"stat.drop.minecraft.iron_shovel":1,"stat.pickup.minecraft.gold_ore":25,"stat.useItem.minecraft.sapling":57,"stat.mineBlock.minecraft.lapis_ore":10,"stat.damageTaken":14257,"stat.mineBlock.minecraft.torch":196,"stat.mineBlock.minecraft.red_flower":9,"stat.mineBlock.minecraft.sapling":15,"stat.craftItem.minecraft.glowstone":14,"stat.craftItem.aether_legacy.skyroot_plank":12,"stat.pickup.xlfoodmod.rice_seeds":1,"stat.drop.chisel.cobblestone2":1,"stat.pickup.minecraft.potato":323,"stat.entityKilledBy.Zombie":1,"stat.craftItem.midnight.nightshroom_planks":8,"stat.useItem.tombstone.dust_of_vanishing":4,"stat.pickup.midnight.raw_suavis":9,"stat.craftItem.minecraft.stone_slab":30,"stat.useItem.minecraft.chest":12,"stat.pickup.minecraft.diamond_pickaxe":1,"stat.mineBlock.midnight.dewshroom_stem":2,"stat.useItem.midnight.cook_suavis":3,"stat.useItem.minecraft.lava_bucket":1,"stat.useItem.tombstone.gift":2,"stat.useItem.minecraft.item_frame":6,"stat.pickup.aether_legacy.aether_log":5,"stat.craftItem.minecraft.iron_chestplate":3,"stat.pickup.minecraft.baked_potato":56,"stat.pickup.minecraft.ender_pearl":4,"stat.useItem.minecraft.netherrack":20,"stat.mineBlock.aether_legacy.aether_grass":8,"stat.craftItem.travelersbackpack.sleeping_bag_bottom":1,"stat.mineBlock.minecraft.stonebrick":1,"stat.mineBlock.minecraft.glowstone":20,"stat.mobKills":395,"stat.mineBlock.minecraft.bookshelf":7,"stat.craftItem.minecraft.shears":2,"stat.pickup.minecraft.diamond":5,"stat.pickup.minecraft.beetroot_seeds":51,"stat.pickup.minecraft.torch":292,"stat.drop.minecraft.stone_axe":1,"stat.pickup.minecraft.spruce_boat":10,"stat.pickup.midnight.raw_stag_flank":3,"stat.craftItem.minecraft.iron_axe":3,"stat.useItem.minecraft.mutton":2,"stat.useItem.minecraft.planks":512,"stat.useItem.tombstone.familiar_stone":8,"stat.pickup.minecraft.golden_boots":1,"stat.pickup.minecraft.glowstone_dust":66,"stat.pickup.minecraft.porkchop":92,"stat.craftItem.xlfoodmod.flesh":46,"stat.useItem.minecraft.water_bucket":50,"stat.pickup.minecraft.sand":67,"stat.pickup.midnight.dewshroom_stem":2,"stat.pickup.chisel.cobblestone1":1,"stat.craftItem.minecraft.stone_sword":4,"stat.mineBlock.minecraft.snow_layer":57,"stat.pickup.chisel.cobblestone2":21,"stat.mineBlock.minecraft.sand":65,"stat.mineBlock.chisel.planks-spruce":22,"stat.mineBlock.midnight.nightshroom_stem":2,"stat.pickup.minecraft.furnace":14,"stat.craftItem.travelersbackpack.travelers_backpack":1,"stat.useItem.minecraft.stone_stairs":7,"stat.pickup.tombstone.magic_scroll":14,"stat.craftItem.zawa.hunting_rifle":1,"stat.pickup.minecraft.stone_stairs":1,"stat.craftItem.minecraft.heavy_weighted_pressure_plate":1,"stat.playOneMinute":927001,"stat.drop.minecraft.string":1,"stat.craftItem.securitycraft.keypad_item":1,"stat.pickup.minecraft.netherrack":41,"stat.pickup.minecraft.pumpkin":1,"stat.mineBlock.minecraft.netherrack":43,"stat.mineBlock.minecraft.ice":22,"stat.craftItem.minecraft.iron_hoe":1,"stat.pickup.tombstone.tablet_of_cupidity":1,"stat.fallOneCm":280369,"stat.craftItem.zawa.tranquilizer_dart_strong":6,"stat.craftItem.minecraft.chest":19,"stat.pickup.minecraft.red_mushroom":3,"stat.useItem.minecraft.iron_hoe":26,"stat.pickup.minecraft.feather":19,"stat.drop.minecraft.bone":1,"stat.useItem.minecraft.furnace":14,"stat.killEntity.Llama":5,"stat.mineBlock.minecraft.gravel":108,"stat.useItem.minecraft.stone_pickaxe":358,"stat.useItem.chisel.planks-spruce":111,"stat.useItem.minecraft.stone_sword":401,"stat.craftItem.minecraft.iron_leggings":2,"stat.useItem.minecraft.torch":900,"stat.drop.tombstone.crafting_ingredient":2,"stat.pickup.minecraft.crafting_table":17,"stat.useItem.minecraft.log":45,"stat.craftItem.minecraft.crafting_table":8,"stat.useItem.xlfoodmod.flesh":1,"stat.mineBlock.chisel.stonebrick":1,"stat.pickup.minecraft.log":387,"stat.drop.minecraft.stonebrick":1,"stat.craftItem.minecraft.stone_button":8,"stat.pickup.chisel.planks-spruce":22,"stat.pickup.minecraft.sapling":90,"stat.entityKilledBy.Enderman":1,"stat.pickup.minecraft.beetroot":67,"stat.craftItem.minecraft.cooked_chicken":19,"stat.sneakTime":37668,"stat.useItem.minecraft.baked_potato":150,"stat.pickup.minecraft.yellow_flower":6,"stat.useItem.minecraft.beetroot":34,"stat.pickup.minecraft.chest":2,"stat.pickup.minecraft.bone":83,"stat.useItem.midnight.dewshroom_planks":8,"stat.entityKilledBy.midnight.rifter":1,"stat.mineBlock.minecraft.brown_mushroom":13,"stat.swimOneCm":64766,"stat.climbOneCm":1012,"stat.drop.aether_legacy.aether_log":2,"stat.mineBlock.minecraft.spruce_stairs":18,"stat.useItem.minecraft.dirt":3064,"stat.useItem.midnight.nightshroom_planks":7,"stat.pickup.minecraft.anvil":1,"stat.craftItem.minecraft.stone_pickaxe":7,"stat.pickup.minecraft.cobblestone":2071,"stat.drop.chisel.chisel_iron":2,"stat.useItem.chisel.cobblestone":304,"stat.pickup.minecraft.glass_bottle":3,"stat.drop.minecraft.wheat_seeds":2,"stat.pickup.aether_legacy.blue_berry":3,"stat.craftItem.minecraft.wooden_slab":6,"stat.pickup.minecraft.redstone":60,"stat.mineBlock.minecraft.iron_ore":218,"stat.useItem.aether_legacy.blue_berry":3,"stat.pickup.minecraft.mutton":2,"stat.pickup.minecraft.stonebrick":1,"stat.useItem.minecraft.cooked_porkchop":56,"stat.drop.minecraft.beetroot_seeds":1,"stat.pickup.aether_legacy.swetty_ball":2,"stat.craftItem.minecraft.stone_slab2":0,"stat.craftItem.minecraft.stick":352,"stat.useItem.minecraft.stone_slab":4,"stat.craftItem.minecraft.stone":15,"stat.craftItem.minecraft.armor_stand":1,"stat.pickup.minecraft.grass":1,"stat.mineBlock.minecraft.crafting_table":17,"stat.useItem.minecraft.diamond_pickaxe":32,"stat.useItem.minecraft.carrot":11,"stat.drop.minecraft.golden_apple":1,"stat.entityKilledBy.Creeper":1,"stat.mineBlock.minecraft.planks":55,"stat.drop":51,"stat.craftItem.minecraft.diamond_pickaxe":1,"stat.pickup.minecraft.golden_chestplate":1,"stat.craftItem.securitycraft.keypad_chest":1,"stat.craftItem.securitycraft.universal_block_remover":1,"stat.drop.minecraft.wooden_pickaxe":1,"stat.pickup.minecraft.gravel":142,"stat.mineBlock.minecraft.anvil":1,"stat.craftItem.travelersbackpack.backpack_tank":2,"stat.useItem.minecraft.stone_axe":54,"stat.craftItem.minecraft.bread":12,"stat.pickup.minecraft.spider_eye":4,"stat.craftItem.minecraft.iron_helmet":3,"stat.craftItem.midnight.viridshroom_planks":8,"stat.useItem.minecraft.cooked_chicken":1,"stat.pickup.minecraft.iron_ore":216,"stat.pickup.aether_legacy.berry_bush_stem":2,"stat.boatOneCm":189292,"stat.craftItem.minecraft.flint_and_steel":1,"stat.mineBlock.minecraft.stone_stairs":1,"stat.pickup.minecraft.leather":18,"stat.mineBlock.minecraft.furnace":12,"stat.useItem.minecraft.wooden_pickaxe":38,"stat.pickup.minecraft.reeds":39,"tombstone:undead_killed":209,"stat.damageDealt":61650,"stat.craftItem.minecraft.glass":63,"stat.craftItem.minecraft.bowl":4,"stat.sleepInBed":5,"stat.craftItem.minecraft.baked_potato":174,"stat.craftItem.minecraft.anvil":1,"stat.killEntity.Cow":15,"stat.killEntity.Pig":47,"stat.craftItem.minecraft.iron_sword":3,"stat.walkOneCm":3366379,"stat.playerKills":1,"stat.pickup.minecraft.stick":2,"stat.useItem.minecraft.spruce_boat":10,"stat.pickup.minecraft.stone":21,"stat.useItem.minecraft.spruce_stairs":203,"stat.pickup.minecraft.gold_ingot":15,"stat.killEntity.Skeleton":68,"stat.killEntity.Chicken":19,"stat.killEntity.Spider":20,"stat.pickup.minecraft.bread":10,"stat.mineBlock.minecraft.quartz_ore":15,"stat.pickup.midnight.nightshroom_stem":2,"stat.pickup.minecraft.quartz":14,"stat.useItem.minecraft.golden_apple":1,"stat.mineBlock.minecraft.leaves":96,"stat.useItem.chisel.cobblestone1":3,"stat.pickup.minecraft.spruce_stairs":17,"stat.mineBlock.minecraft.redstone_ore":13,"stat.useItem.chisel.cobblestone2":151,"stat.mineBlock.minecraft.stone":1807}