{"stat.walkOneCm":15160,"stat.craftItem.minecraft.planks":20,"stat.leaveGame":3,"stat.damageTaken":250,"stat.mineBlock.minecraft.double_plant":1,"stat.mineBlock.minecraft.log":14,"stat.pickup.minecraft.log":14,"stat.flyOneCm":5793,"stat.deaths":1,"stat.jump":72,"stat.mineBlock.minecraft.leaves":4,"stat.playOneMinute":17273,"stat.useItem.minecraft.planks":5,"stat.fallOneCm":685,"stat.timeSinceDeath":11753,"stat.pickup.zawa.care_guide":1,"stat.pickup.minecraft.sapling":1,"stat.pickup.minecraft.dirt":4,"stat.useItem.minecraft.dirt":1,"stat.sprintOneCm":7025,"stat.mineBlock.minecraft.dirt":4}