{"stat.chestOpened":2,"stat.leaveGame":4,"stat.pickup.tombstone.familiar_stone":1,"stat.useItem.minecraft.rotten_flesh":5,"stat.useItem.minecraft.mutton":2,"stat.jump":338,"stat.swimOneCm":5912,"stat.pickup.minecraft.coal":14,"stat.useItem.minecraft.planks":5,"stat.fallOneCm":3694,"stat.pickup.minecraft.carrot":6,"stat.crouchOneCm":305,"stat.useItem.minecraft.dirt":1,"stat.pickup.minecraft.dirt":4,"stat.useItem.minecraft.stone_slab2":2,"stat.craftingTableInteraction":2,"stat.pickup.minecraft.rotten_flesh":5,"stat.useItem.minecraft.egg":2,"stat.damageTaken":695,"stat.pickup.minecraft.leather":5,"stat.useItem.minecraft.wooden_pickaxe":17,"stat.pickup.minecraft.cobblestone":5,"stat.pickup.minecraft.reeds":7,"stat.craftItem.minecraft.stone_sword":1,"stat.flyOneCm":29845,"tombstone:undead_killed":4,"stat.useItem.minecraft.stone_sword":11,"stat.damageDealt":1735,"stat.timeSinceDeath":34115,"stat.killEntity.Cow":8,"stat.mineBlock.minecraft.dirt":4,"stat.craftItem.minecraft.wooden_pickaxe":1,"stat.pickup.minecraft.mutton":2,"stat.walkOneCm":80207,"stat.craftItem.minecraft.crafting_table":2,"stat.mineBlock.minecraft.double_plant":1,"stat.killEntity.ZombieVillager":1,"stat.mineBlock.minecraft.coal_ore":14,"stat.talkedToVillager":3,"stat.pickup.minecraft.log":19,"stat.pickup.minecraft.beef":12,"stat.pickup.minecraft.sapling":2,"stat.sprintOneCm":46932,"stat.craftItem.minecraft.stick":8,"stat.craftItem.minecraft.wooden_axe":1,"stat.craftItem.minecraft.planks":36,"stat.mobKills":12,"stat.mineBlock.minecraft.log":18,"stat.useItem.minecraft.beef":12,"stat.useItem.carryon.entity_item":2,"stat.deaths":1,"stat.mineBlock.minecraft.leaves":6,"stat.pickup.minecraft.egg":2,"stat.playOneMinute":39635,"stat.sneakTime":95,"stat.pickup.minecraft.wool":1,"stat.killEntity.Zombie":3,"stat.pickup.zawa.care_guide":1,"stat.useItem.minecraft.wooden_axe":29,"stat.mineBlock.minecraft.stone":1,"stat.diveOneCm":3035}