{"stat.chestOpened":6,"stat.leaveGame":4,"stat.mineBlock.minecraft.cobblestone":4,"stat.pickup.tombstone.familiar_stone":1,"stat.useItem.minecraft.rotten_flesh":5,"stat.pickup.xlfoodmod.onion":1,"stat.useItem.minecraft.mutton":2,"stat.jump":498,"stat.swimOneCm":6167,"stat.pickup.minecraft.coal":43,"stat.useItem.minecraft.planks":5,"stat.fallOneCm":5689,"stat.pickup.minecraft.carrot":11,"stat.pickup.minecraft.gunpowder":5,"stat.crouchOneCm":1868,"stat.craftItem.minecraft.torch":12,"stat.craftItem.minecraft.chest":1,"stat.useItem.minecraft.dirt":1,"stat.pickup.minecraft.dirt":5,"stat.useItem.minecraft.stone_slab2":6,"stat.craftingTableInteraction":5,"stat.pickup.minecraft.rotten_flesh":12,"stat.craftItem.minecraft.furnace":1,"stat.useItem.minecraft.egg":2,"stat.damageTaken":1025,"stat.pickup.minecraft.leather":5,"stat.craftItem.minecraft.stone_pickaxe":1,"stat.useItem.minecraft.wooden_pickaxe":26,"stat.pickup.minecraft.cobblestone":51,"stat.pickup.minecraft.reeds":7,"stat.craftItem.minecraft.stone_sword":1,"stat.flyOneCm":45994,"tombstone:undead_killed":10,"stat.pickup.minecraft.wheat_seeds":24,"stat.pickup.xlfoodmod.rice_seeds":1,"stat.pickup.minecraft.potato":13,"stat.useItem.minecraft.stone_pickaxe":67,"stat.useItem.minecraft.stone_sword":49,"stat.damageDealt":3485,"stat.timeSinceDeath":46715,"stat.craftItem.minecraft.baked_potato":13,"stat.killEntity.Cow":8,"stat.mineBlock.xlfoodmod.grass":1,"stat.mineBlock.minecraft.dirt":4,"stat.craftItem.minecraft.wooden_pickaxe":1,"stat.pickup.minecraft.mutton":2,"stat.walkOneCm":139433,"stat.useItem.minecraft.torch":2,"stat.pickup.minecraft.crafting_table":1,"stat.useItem.minecraft.cobblestone":4,"stat.craftItem.minecraft.crafting_table":3,"stat.furnaceInteraction":4,"stat.mineBlock.minecraft.double_plant":1,"stat.killEntity.ZombieVillager":5,"stat.mineBlock.minecraft.coal_ore":43,"stat.killEntity.Creeper":3,"stat.talkedToVillager":6,"stat.pickup.minecraft.log":19,"stat.pickup.minecraft.beef":12,"stat.craftItem.minecraft.stone_slab2":0,"stat.pickup.minecraft.stone":1,"stat.pickup.minecraft.sapling":2,"stat.sprintOneCm":78064,"stat.craftItem.minecraft.stick":48,"stat.craftItem.minecraft.wooden_axe":1,"stat.killEntity.Skeleton":1,"stat.pickup.minecraft.beetroot":27,"stat.craftItem.minecraft.planks":76,"stat.mineBlock.minecraft.crafting_table":1,"stat.useItem.minecraft.carrot":2,"stat.mobKills":21,"stat.mineBlock.minecraft.log":18,"stat.useItem.minecraft.beef":12,"stat.useItem.carryon.entity_item":4,"stat.deaths":1,"stat.mineBlock.minecraft.leaves":6,"stat.pickup.minecraft.egg":2,"stat.pickup.minecraft.beetroot_seeds":49,"stat.playOneMinute":52235,"stat.sneakTime":755,"stat.pickup.minecraft.wool":1,"stat.killEntity.Zombie":4,"stat.useItem.minecraft.baked_potato":2,"stat.pickup.zawa.care_guide":1,"stat.useItem.minecraft.wooden_axe":30,"stat.mineBlock.minecraft.stone":44,"stat.diveOneCm":3035,"stat.useItem.minecraft.beetroot":6,"stat.pickup.minecraft.wheat":13}