{"stat.useItem.minecraft.bow":12,"stat.pickup.minecraft.bone":11,"stat.useItem.midnight.dewshroom_planks":8,"stat.leaveGame":10,"stat.mineBlock.minecraft.cobblestone":12,"stat.pickup.tombstone.familiar_stone":2,"stat.useItem.minecraft.mutton":2,"stat.swimOneCm":21580,"stat.useItem.minecraft.planks":39,"stat.craftItem.minecraft.shield":1,"stat.useItem.minecraft.dirt":1,"stat.useItem.minecraft.stone_slab2":26,"stat.pickup.minecraft.bow":2,"stat.useItem.minecraft.water_bucket":6,"stat.useItem.midnight.nightshroom_planks":7,"stat.pickup.minecraft.rotten_flesh":41,"stat.pickup.midnight.dewshroom_planks":1,"stat.pickup.minecraft.sand":2,"stat.craftItem.minecraft.furnace":4,"stat.pickup.midnight.dewshroom_stem":2,"stat.useItem.minecraft.egg":2,"stat.craftItem.minecraft.stone_axe":1,"stat.craftItem.minecraft.iron_boots":1,"stat.craftItem.minecraft.stone_pickaxe":2,"stat.pickup.minecraft.cobblestone":250,"stat.craftItem.minecraft.bow":1,"stat.craftItem.minecraft.stone_sword":2,"stat.flyOneCm":131458,"stat.drop.minecraft.wheat_seeds":2,"stat.pickup.minecraft.redstone":60,"stat.mineBlock.minecraft.iron_ore":155,"stat.timeSinceDeath":57863,"stat.useItem.minecraft.iron_pickaxe":496,"stat.craftItem.minecraft.wooden_pickaxe":1,"stat.pickup.minecraft.mutton":2,"stat.killEntity.midnight.rifter":1,"stat.mineBlock.midnight.nightshroom_stem":2,"stat.furnaceInteraction":57,"stat.killEntity.ZombieVillager":7,"stat.mineBlock.minecraft.coal_ore":292,"stat.killEntity.Creeper":8,"stat.talkedToVillager":11,"stat.pickup.minecraft.string":4,"stat.pickup.minecraft.beef":12,"stat.pickup.minecraft.furnace":3,"stat.pickup.tombstone.crafting_ingredient":8,"stat.entityKilledBy.Skeleton":1,"stat.craftItem.minecraft.stone_slab2":0,"stat.mineBlock.midnight.viridshroom_stem":2,"stat.sprintOneCm":193624,"stat.craftItem.minecraft.stick":48,"stat.craftItem.minecraft.wooden_axe":1,"stat.mineBlock.minecraft.diamond_ore":4,"stat.mineBlock.minecraft.crafting_table":8,"tombstone:use_vanishing":1,"stat.useItem.minecraft.carrot":11,"stat.useItem.minecraft.beef":12,"stat.deaths":2,"stat.mineBlock.minecraft.planks":10,"stat.drop":11,"stat.pickup.minecraft.egg":2,"stat.playOneMinute":158306,"stat.drop.minecraft.string":1,"stat.craftItem.minecraft.iron_pickaxe":1,"stat.killEntity.Zombie":31,"stat.pickup.zawa.care_guide":1,"stat.mineBlock.minecraft.gold_ore":15,"stat.diveOneCm":8004,"stat.pickup.minecraft.wheat":15,"stat.chestOpened":13,"stat.mineBlock.midnight.dewshroom_planks":1,"stat.drop.minecraft.wooden_pickaxe":1,"stat.pickup.minecraft.arrow":15,"stat.useItem.minecraft.rotten_flesh":26,"stat.pickup.xlfoodmod.onion":1,"stat.jump":1731,"stat.pickup.minecraft.coal":290,"stat.fallOneCm":22789,"stat.pickup.minecraft.carrot":25,"stat.useItem.minecraft.stone_axe":53,"stat.drop.minecraft.stone_sword":1,"stat.pickup.minecraft.gunpowder":14,"stat.craftItem.minecraft.bread":2,"stat.crouchOneCm":9496,"stat.craftItem.minecraft.torch":120,"stat.craftItem.minecraft.chest":1,"stat.craftItem.minecraft.iron_ingot":132,"stat.pickup.minecraft.dirt":10,"stat.craftItem.minecraft.iron_helmet":1,"stat.pickup.minecraft.red_mushroom":3,"stat.craftItem.midnight.viridshroom_planks":8,"stat.useItem.minecraft.cooked_chicken":1,"stat.craftingTableInteraction":19,"stat.pickup.minecraft.iron_ore":155,"stat.pickup.minecraft.gold_ore":15,"stat.mineBlock.minecraft.lapis_ore":10,"stat.pickup.minecraft.wooden_pickaxe":2,"stat.damageTaken":2559,"stat.pickup.minecraft.leather":5,"stat.pickup.minecraft.feather":1,"stat.mineBlock.minecraft.torch":2,"stat.mineBlock.minecraft.furnace":3,"stat.useItem.minecraft.wooden_pickaxe":26,"stat.useItem.minecraft.furnace":4,"stat.pickup.minecraft.dye":62,"stat.pickup.minecraft.planks":10,"stat.pickup.minecraft.reeds":7,"tombstone:undead_killed":47,"stat.pickup.minecraft.wheat_seeds":28,"stat.pickup.xlfoodmod.rice_seeds":1,"stat.pickup.minecraft.potato":13,"stat.useItem.minecraft.stone_pickaxe":222,"stat.useItem.minecraft.stone_sword":142,"stat.craftItem.midnight.nightshroom_planks":8,"stat.damageDealt":12964,"stat.craftItem.minecraft.bowl":4,"stat.craftItem.minecraft.baked_potato":13,"stat.killEntity.Cow":8,"stat.mineBlock.xlfoodmod.grass":1,"stat.mineBlock.minecraft.dirt":7,"stat.useItem.tombstone.dust_of_vanishing":1,"stat.craftItem.minecraft.iron_sword":1,"stat.walkOneCm":598598,"stat.useItem.minecraft.torch":110,"stat.useItem.minecraft.bread":1,"stat.pickup.minecraft.crafting_table":8,"stat.mineBlock.midnight.dewshroom_stem":2,"stat.useItem.minecraft.cobblestone":84,"stat.craftItem.minecraft.crafting_table":4,"stat.mineBlock.minecraft.double_plant":1,"stat.craftItem.midnight.dewshroom_planks":8,"stat.pickup.minecraft.log":67,"stat.craftItem.tombstone.dust_of_vanishing":2,"stat.useItem.tombstone.gift":1,"stat.drop.minecraft.carrot":5,"stat.craftItem.minecraft.gold_ingot":15,"stat.pickup.minecraft.stone":12,"stat.craftItem.minecraft.iron_chestplate":1,"stat.pickup.minecraft.chicken":1,"stat.pickup.minecraft.sapling":12,"stat.killEntity.Skeleton":9,"stat.pickup.minecraft.beetroot":27,"stat.craftItem.minecraft.bucket":1,"stat.craftItem.minecraft.planks":132,"stat.useItem.minecraft.iron_sword":97,"stat.killEntity.Chicken":1,"stat.useItem.midnight.viridshroom_planks":7,"stat.killEntity.Spider":4,"stat.craftItem.minecraft.fishing_rod":1,"stat.pickup.midnight.nightshroom_stem":2,"stat.mobKills":72,"stat.mineBlock.minecraft.log":34,"stat.craftItem.minecraft.cooked_chicken":1,"stat.useItem.carryon.entity_item":4,"stat.pickup.minecraft.diamond":4,"stat.mineBlock.minecraft.leaves":10,"stat.pickup.minecraft.beetroot_seeds":49,"stat.pickup.minecraft.torch":7,"stat.mineBlock.minecraft.redstone_ore":13,"stat.sneakTime":5085,"stat.pickup.minecraft.wool":1,"stat.drop.minecraft.stone_axe":1,"stat.useItem.minecraft.baked_potato":13,"stat.pickup.midnight.viridshroom_stem":2,"stat.useItem.minecraft.wooden_axe":30,"stat.mineBlock.minecraft.stone":237,"stat.useItem.minecraft.beetroot":27}