{"stat.useItem.minecraft.bow":270,"stat.pickup.midnight.hunter_wing":4,"stat.leaveGame":56,"stat.mineBlock.aether_legacy.ambrosium_ore":68,"stat.drop.minecraft.redstone":5,"stat.pickup.tombstone.familiar_stone":12,"stat.useItem.minecraft.glowstone":12,"stat.craftItem.minecraft.ender_eye":1,"stat.killEntity.PigZombie":2,"stat.drop.minecraft.enchanted_book":2,"stat.pickup.zawa.worm":67,"stat.craftItem.minecraft.shield":7,"stat.mineBlock.minecraft.web":60,"stat.drop.minecraft.iron_sword":1,"stat.pickup.minecraft.rotten_flesh":258,"stat.pickup.aether_legacy.cloud_staff":1,"stat.drop.minecraft.golden_horse_armor":2,"stat.craftItem.minecraft.stone_axe":3,"stat.killEntity.Enderman":15,"stat.craftItem.tombstone.ankh_of_pray":1,"stat.craftItem.minecraft.iron_shovel":12,"stat.pickup.minecraft.brown_mushroom":13,"stat.mineBlock.zawa.legume":1,"stat.killEntity.Witch":9,"stat.craftItem.midnight.cook_suavis":5,"stat.pickup.chisel.chisel_iron":1,"stat.drop.minecraft.gold_ingot":1,"stat.pickup.xlfoodmod.strawberry_seeds":1,"stat.useItem.minecraft.iron_pickaxe":4460,"stat.craftItem.minecraft.wooden_pickaxe":2,"stat.craftItem.minecraft.iron_door":3,"stat.killEntity.midnight.rifter":12,"stat.useItem.minecraft.iron_shovel":3290,"stat.pickup.minecraft.double_plant":1,"stat.craftItem.midnight.cook_hunter_wing":4,"stat.craftItem.minecraft.bed":1,"stat.craftItem.minecraft.glass_pane":16,"stat.pickup.aether_legacy.flaming_sword":1,"stat.drop.minecraft.diamond_chestplate":1,"stat.mineBlock.chisel.marble2":59,"stat.furnaceInteraction":634,"stat.pickup.aether_legacy.enchanter":11,"stat.drop.minecraft.gravel":5,"stat.killEntity.ZombieVillager":15,"stat.pickup.aether_legacy.notch_hammer":1,"stat.pickup.minecraft.nether_brick":15,"stat.mineBlock.aether_legacy.berry_bush":6,"stat.drop.minecraft.red_flower":4,"stat.craftItem.minecraft.leather_helmet":1,"stat.useItem.aether_legacy.phoenix_bow":26,"stat.pickup.minecraft.beef":78,"stat.pickup.chisel.stonebrick":1,"stat.pickup.minecraft.leather_helmet":4,"stat.useItem.minecraft.fence":291,"stat.pickup.securitycraft.reinforced_planks":126,"stat.useItem.minecraft.flint_and_steel":19,"stat.mineBlock.minecraft.fence":12,"stat.useItem.minecraft.wheat_seeds":4,"stat.pickup.tombstone.scroll_buff":1,"stat.pickup.xlfoodmod.salt":128,"stat.pickup.minecraft.emerald":4,"stat.craftItem.securitycraft.laser_block":1,"stat.useItem.minecraft.dye":75,"stat.useItem.minecraft.beef":12,"stat.mineBlock.midnight.suavis":6,"stat.deaths":14,"stat.pickup.minecraft.egg":19,"stat.pickup.aether_legacy.dart":1,"stat.mineBlock.aether_legacy.aercloud":4,"stat.craftItem.minecraft.item_frame":8,"stat.useItem.aether_legacy.mossy_holystone":5,"stat.killEntity.midnight.hunter":2,"stat.useItem.minecraft.nether_brick":2,"stat.craftItem.minecraft.iron_pickaxe":21,"stat.pickup.minecraft.item_frame":9,"stat.pickup.zawa.care_guide":1,"stat.drop.minecraft.iron_ingot":3,"stat.useItem.midnight.cook_hunter_wing":2,"stat.pickup.chisel.marble2":59,"stat.mineBlock.minecraft.tallgrass":914,"stat.chestOpened":1440,"stat.useItem.minecraft.splash_potion":2,"stat.useItem.minecraft.stone":5,"stat.useItem.midnight.raw_suavis":4,"stat.pickup.minecraft.arrow":188,"stat.pickup.minecraft.iron_sword":3,"stat.killEntity.Ghast":5,"stat.pickup.minecraft.gold_nugget":1,"stat.useItem.aether_legacy.dungeon_block":17,"stat.drop.minecraft.iron_pickaxe":3,"stat.pickup.chisel.basalt2":3,"stat.pickup.minecraft.carrot":144,"stat.drop.minecraft.stone_sword":1,"stat.pickup.aether_legacy.gravitite_ore":4,"stat.useItem.tombstone.tablet_of_cupidity":3,"stat.crouchOneCm":188997,"stat.mineBlock.minecraft.chest":2,"stat.pickup.minecraft.rail":7,"stat.craftItem.minecraft.iron_ingot":923,"stat.craftingTableInteraction":147,"stat.pickup.minecraft.nether_brick_fence":1,"stat.useItem.aether_legacy.holystone":92,"stat.pickup.securitycraft.keypad_chest":1,"stat.pickup.minecraft.wooden_pickaxe":2,"stat.useItem.chisel.marble2":52,"stat.pickup.zawa.ostritch_fern":1,"stat.mineBlock.aether_legacy.mossy_holystone":31,"stat.useItem.minecraft.reeds":10,"stat.pickup.minecraft.dye":395,"stat.pickup.minecraft.planks":328,"stat.pickup.chisel.limestone2":27,"stat.pickup.minecraft.wheat_seeds":359,"stat.pickup.chisel.cobblestone":39,"stat.mineBlock.aether_legacy.aether_dirt":2,"stat.pickup.aether_legacy.aercloud":6,"stat.killEntity.cockatrice":8,"stat.mineBlock.xlfoodmod.grass":10,"stat.drop.tombstone.voodoo_poppet":1,"stat.mineBlock.minecraft.dirt":3464,"stat.pickup.tombstone.voodoo_poppet":1,"stat.pickup.aether_legacy.ambrosium_torch":24,"stat.pickup.minecraft.poisonous_potato":4,"stat.useItem.minecraft.bread":7,"stat.drop.minecraft.rotten_flesh":13,"stat.useItem.minecraft.cobblestone":1586,"stat.useItem.minecraft.gravel":11,"stat.mineBlock.minecraft.double_plant":46,"stat.craftItem.midnight.dewshroom_planks":8,"stat.pickup.aether_legacy.lightning_knife":1,"stat.pickup.toolbelt.belt":1,"stat.craftItem.zawa.bullet_rifle":17,"stat.craftItem.tombstone.dust_of_vanishing":12,"stat.pickup.minecraft.iron_pickaxe":3,"stat.drop.minecraft.iron_ore":40,"stat.drop.minecraft.carrot":5,"stat.craftItem.minecraft.gold_ingot":122,"stat.useItem.tombstone.ankh_of_pray":4,"stat.pickup.minecraft.chicken":24,"stat.craftItem.chisel.chisel_iron":5,"stat.drop.minecraft.gold_nugget":1,"stat.useItem.aether_legacy.flaming_sword":157,"stat.craftItem.minecraft.brewing_stand":2,"stat.pickup.minecraft.apple":1,"stat.craftItem.minecraft.bucket":1,"stat.craftItem.minecraft.planks":2084,"stat.useItem.minecraft.iron_sword":618,"stat.itemEnchanted":9,"stat.useItem.midnight.viridshroom_planks":7,"stat.craftItem.minecraft.fishing_rod":2,"stat.pickup.minecraft.stone_sword":3,"stat.pickup.minecraft.book":45,"stat.mineBlock.minecraft.log":64,"stat.drop.aether_legacy.zanite_sword":1,"stat.useItem.carryon.entity_item":97,"stat.useItem.aether_legacy.zanite_pickaxe":2,"stat.craftItem.minecraft.paper":45,"stat.pickup.minecraft.red_flower":21,"stat.pickup.minecraft.wool":14,"stat.pickup.midnight.viridshroom_stem":2,"stat.useItem.minecraft.wooden_axe":30,"stat.useItem.minecraft.iron_axe":878,"stat.mineBlock.aether_legacy.berry_bush_stem":1,"stat.mineBlock.minecraft.cobblestone":725,"stat.mineBlock.minecraft.pumpkin":1,"stat.pickup.minecraft.stone_pickaxe":2,"stat.pickup.minecraft.flint":16,"stat.mineBlock.minecraft.yellow_flower":8,"stat.pickup.aether_legacy.holystone":721,"stat.pickup.minecraft.leather_chestplate":2,"stat.craftItem.minecraft.wool":4,"stat.craftItem.zawa.reptile_meat_cooked":1,"stat.pickup.minecraft.enchanted_book":3,"stat.pickup.aether_legacy.zanite_gloves":1,"stat.mineBlock.chisel.cobblestone2":84,"stat.mineBlock.chisel.cobblestone1":1,"stat.drop.minecraft.cobblestone":7,"stat.pickup.minecraft.cooked_porkchop":9,"stat.craftItem.minecraft.arrow":54,"stat.useItem.minecraft.obsidian":26,"stat.killEntity.swet":1,"stat.killEntity.sentry":8,"stat.useItem.minecraft.stone_slab2":422,"stat.pickup.minecraft.bow":16,"stat.pickup.midnight.dewshroom_planks":1,"stat.mineBlock.chisel.cobblestone":39,"stat.craftItem.minecraft.furnace":18,"stat.useItem.minecraft.egg":5,"stat.craftItem.minecraft.iron_boots":4,"stat.craftItem.minecraft.spruce_boat":1,"stat.craftItem.minecraft.cooked_beef":50,"stat.mineBlock.minecraft.obsidian":50,"stat.pickup.aether_legacy.aether_dirt":7,"stat.craftItem.minecraft.bow":4,"stat.mineBlock.zawa.ostritch_fern":1,"stat.flyOneCm":4446928,"stat.drop.minecraft.iron_helmet":1,"stat.pickup.minecraft.nether_brick_stairs":1,"stat.drop.minecraft.chainmail_chestplate":1,"stat.timeSinceDeath":273259,"stat.cauldronFilled":7,"stat.useItem.minecraft.wooden_slab":4,"stat.drop.aether_legacy.skyroot_bucket":1,"stat.craftItem.minecraft.iron_block":3,"stat.craftItem.minecraft.stonebrick":32,"stat.pickup.travelersbackpack.travelers_backpack":5,"stat.useItem.minecraft.potato":28,"stat.useItem.aether_legacy.healing_stone":3,"stat.pickup.minecraft.chainmail_helmet":1,"stat.mineBlock.zawa.waste_bin":1,"stat.pickup.minecraft.nether_wart":43,"stat.pickup.xlfoodmod.cucumber_seeds":2,"stat.killEntity.Wolf":1,"stat.mineBlock.minecraft.coal_ore":1331,"stat.killEntity.Creeper":70,"stat.pickup.minecraft.shield":1,"stat.talkedToVillager":75,"stat.drop.minecraft.baked_potato":22,"stat.pickup.minecraft.string":123,"stat.pickup.aether_legacy.repulsion_shield":1,"stat.killEntity.midnight.nightstag":2,"stat.pickup.tombstone.crafting_ingredient":106,"stat.entityKilledBy.Skeleton":3,"stat.drop.minecraft.obsidian":8,"stat.mineBlock.midnight.viridshroom_stem":2,"stat.pickup.zawa.reptile_meat_raw":2,"stat.sprintOneCm":5224195,"stat.drop.minecraft.leather":1,"stat.mineBlock.minecraft.stone_slab":4,"stat.craftItem.minecraft.wooden_axe":1,"stat.useItem.tombstone.magic_scroll":7,"stat.useItem.carryon.tile_item":3,"stat.mineBlock.minecraft.diamond_ore":33,"stat.useItem.minecraft.snowball":414,"tombstone:use_vanishing":11,"stat.pickup.minecraft.leather_leggings":2,"stat.pickup.zawa.waste_bin":1,"stat.pickup.aether_legacy.healing_stone":1,"stat.pickup.minecraft.sugar":1,"stat.craftItem.minecraft.golden_sword":1,"stat.mineBlock.aether_legacy.aether_log":11,"stat.craftItem.minecraft.emerald":5,"stat.killEntity.Zombie":295,"stat.pickup.minecraft.snowball":288,"stat.craftItem.minecraft.dye":134,"stat.mineBlock.xlfoodmod.rock_salt":37,"stat.craftItem.minecraft.diamond_axe":1,"stat.mineBlock.minecraft.gold_ore":137,"stat.diveOneCm":107747,"stat.drop.minecraft.diamond_pickaxe":3,"stat.pickup.minecraft.wheat":125,"stat.pickup.aether_legacy.freezer":3,"stat.mineBlock.midnight.dewshroom_planks":1,"stat.craftItem.minecraft.cooked_porkchop":129,"stat.pickup.minecraft.stone_axe":2,"stat.drop.aether_legacy.notch_hammer":1,"stat.pickup.minecraft.obsidian":70,"stat.useItem.minecraft.rotten_flesh":26,"stat.pickup.xlfoodmod.onion":3,"stat.pickup.aether_legacy.dungeon_block":91,"stat.craftItem.midnight.cook_stag_flank":3,"stat.craftItem.minecraft.diamond_sword":1,"stat.jump":26743,"stat.useItem.minecraft.sand":16,"stat.pickup.minecraft.coal":2515,"stat.pickup.minecraft.iron_ingot":30,"stat.craftItem.minecraft.lever":1,"stat.pickup.minecraft.gunpowder":81,"stat.craftItem.minecraft.torch":1364,"stat.pickup.minecraft.dirt":3478,"stat.drop.minecraft.iron_shovel":1,"stat.craftItem.minecraft.fermented_spider_eye":1,"stat.pickup.minecraft.gold_ore":135,"stat.useItem.minecraft.sapling":70,"stat.mineBlock.minecraft.lapis_ore":48,"stat.pickup.minecraft.iron_axe":2,"stat.brewingstandInteraction":46,"stat.damageTaken":29791,"stat.mineBlock.minecraft.torch":223,"stat.mineBlock.minecraft.red_flower":20,"stat.tradedWithVillager":13,"stat.mineBlock.minecraft.sapling":17,"stat.pickup.minecraft.magma_cream":1,"stat.craftItem.minecraft.glowstone":14,"stat.craftItem.aether_legacy.skyroot_plank":36,"stat.useItem.aether_legacy.notch_hammer":1,"stat.cauldronUsed":12,"stat.pickup.minecraft.bed":1,"stat.pickup.xlfoodmod.rice_seeds":4,"stat.drop.chisel.cobblestone2":1,"stat.pickup.minecraft.potato":519,"stat.entityKilledBy.Zombie":1,"stat.mineBlock.aether_legacy.enchanter":10,"stat.craftItem.midnight.nightshroom_planks":8,"stat.mineBlock.aether_legacy.holystone":780,"stat.useItem.tombstone.dust_of_vanishing":5,"stat.pickup.midnight.raw_suavis":9,"stat.craftItem.minecraft.stone_slab":30,"stat.craftItem.securitycraft.universal_block_reinforcer_lvl1":2,"stat.useItem.minecraft.chest":15,"stat.pickup.minecraft.diamond_pickaxe":4,"stat.mineBlock.midnight.dewshroom_stem":2,"stat.drop.aether_legacy.dungeon_key":1,"stat.useItem.midnight.cook_suavis":3,"stat.drop.aether_legacy.flaming_sword":1,"stat.useItem.minecraft.lava_bucket":2,"stat.useItem.tombstone.gift":3,"stat.useItem.minecraft.item_frame":14,"stat.pickup.aether_legacy.aether_log":15,"stat.craftItem.minecraft.iron_chestplate":4,"stat.pickup.minecraft.baked_potato":120,"stat.drop.minecraft.potato":1,"stat.pickup.minecraft.ender_pearl":7,"stat.pickup.minecraft.cooked_beef":1,"stat.useItem.minecraft.netherrack":641,"stat.mineBlock.aether_legacy.aether_grass":8,"stat.craftItem.travelersbackpack.sleeping_bag_bottom":1,"stat.craftItem.minecraft.bookshelf":19,"stat.drop.aether_legacy.gravitite_gloves":1,"stat.pickup.aether_legacy.icestone":18,"stat.mineBlock.minecraft.stonebrick":1,"stat.mineBlock.minecraft.glowstone":31,"stat.mobKills":987,"stat.mineBlock.minecraft.bookshelf":8,"stat.craftItem.minecraft.shears":2,"stat.useItem.minecraft.boat":6,"stat.pickup.minecraft.diamond":47,"stat.pickup.minecraft.beetroot_seeds":135,"stat.pickup.minecraft.iron_horse_armor":1,"stat.pickup.minecraft.torch":492,"stat.drop.minecraft.stone_axe":3,"stat.pickup.minecraft.spruce_boat":18,"stat.pickup.aether_legacy.zanite_gemstone":12,"stat.drop.tombstone.tablet_of_cupidity":1,"stat.useItem.minecraft.string":1,"stat.drop.aether_legacy.zanite_gemstone":1,"stat.useItem.minecraft.bookshelf":15,"stat.pickup.midnight.raw_stag_flank":3,"stat.craftItem.minecraft.iron_axe":8,"stat.killEntity.Blaze":46,"stat.useItem.minecraft.mutton":2,"stat.useItem.minecraft.planks":641,"stat.useItem.tombstone.familiar_stone":8,"stat.pickup.minecraft.golden_boots":1,"stat.pickup.minecraft.glowstone_dust":101,"stat.pickup.minecraft.porkchop":129,"stat.craftItem.xlfoodmod.flesh":111,"stat.useItem.minecraft.water_bucket":206,"stat.mineBlock.aether_legacy.dungeon_block":37,"stat.mineBlock.minecraft.nether_brick_fence":1,"stat.drop.minecraft.poisonous_potato":1,"stat.pickup.minecraft.sand":135,"stat.craftItem.minecraft.golden_apple":1,"stat.pickup.midnight.dewshroom_stem":2,"stat.mineBlock.aether_legacy.gravitite_ore":4,"stat.pickup.minecraft.name_tag":1,"stat.pickup.aether_legacy.skyroot_plank":14,"stat.useItem.aether_legacy.enchanter":5,"stat.pickup.chisel.cobblestone1":1,"stat.craftItem.minecraft.stone_sword":5,"stat.mineBlock.minecraft.snow_layer":57,"stat.pickup.chisel.cobblestone2":84,"stat.pickup.minecraft.chainmail_chestplate":1,"stat.mineBlock.minecraft.sand":133,"stat.pickup.securitycraft.reinforced_cobblestone":496,"stat.craftItem.minecraft.blaze_powder":4,"stat.useItem.minecraft.fence_gate":1,"stat.useItem.securitycraft.reinforced_cobblestone":486,"stat.pickup.aether_legacy.agility_cape":1,"stat.mineBlock.chisel.planks-spruce":22,"stat.pickup.minecraft.ghast_tear":1,"stat.pickup.aether_legacy.aerogel":3,"stat.pickup.minecraft.armor_stand":2,"stat.mineBlock.midnight.nightshroom_stem":2,"stat.pickup.xlfoodmod.lettuce_seeds":2,"stat.pickup.minecraft.furnace":25,"stat.drop.minecraft.diamond_helmet":1,"stat.pickup.aether_legacy.zanite_sword":1,"stat.pickup.aether_legacy.ambrosium_shard":98,"stat.mineBlock.aether_legacy.aether_leaves":2,"stat.craftItem.travelersbackpack.travelers_backpack":1,"stat.pickup.xlfoodmod.vanilla_flower":7,"stat.pickup.minecraft.iron_chestplate":1,"stat.useItem.minecraft.stone_stairs":7,"stat.pickup.minecraft.skull":3,"stat.pickup.tombstone.magic_scroll":31,"stat.craftItem.zawa.hunting_rifle":1,"stat.pickup.minecraft.stone_stairs":1,"stat.drop.minecraft.iron_horse_armor":1,"stat.mineBlock.minecraft.soul_sand":42,"stat.craftItem.minecraft.heavy_weighted_pressure_plate":1,"stat.mineBlock.aether_legacy.aerogel":2,"stat.mineBlock.minecraft.oak_stairs":1,"stat.pickup.xlfoodmod.pepper_seeds":2,"stat.playOneMinute":2093504,"stat.pickup.minecraft.blaze_rod":21,"stat.drop.minecraft.string":10,"stat.drop.securitycraft.universal_block_reinforcer_lvl1":1,"stat.craftItem.securitycraft.keypad_item":1,"tombstone:pray_on_grave":1,"stat.pickup.minecraft.netherrack":1363,"stat.pickup.minecraft.pumpkin":1,"stat.mineBlock.minecraft.netherrack":1551,"stat.pickup.securitycraft.door_indestructible_iron_item":2,"stat.mineBlock.minecraft.ice":48,"stat.craftItem.minecraft.iron_hoe":1,"stat.pickup.tombstone.tablet_of_cupidity":1,"stat.fallOneCm":593431,"stat.drop.xlfoodmod.strawberry_seeds":1,"stat.drop.minecraft.stone":8,"stat.drop.minecraft.dye":5,"stat.craftItem.tombstone.dark_marble":14,"stat.pickup.minecraft.melon_seeds":6,"stat.craftItem.zawa.tranquilizer_dart_strong":6,"stat.craftItem.aether_legacy.skyroot_stick":4,"stat.craftItem.minecraft.chest":20,"stat.pickup.minecraft.red_mushroom":3,"stat.useItem.minecraft.iron_hoe":27,"stat.mineBlock.aether_legacy.icestone":1,"stat.pickup.minecraft.feather":44,"stat.drop.minecraft.iron_leggings":1,"stat.drop.minecraft.bone":2,"stat.pickup.minecraft.record_cat":1,"stat.useItem.minecraft.furnace":29,"stat.killEntity.Llama":19,"stat.mineBlock.minecraft.gravel":136,"stat.useItem.minecraft.stone_pickaxe":2706,"stat.useItem.chisel.planks-spruce":111,"stat.useItem.minecraft.stone_sword":428,"stat.craftItem.minecraft.iron_leggings":4,"stat.pickup.minecraft.chainmail_boots":2,"stat.drop.minecraft.iron_axe":1,"stat.useItem.minecraft.torch":1834,"stat.pickup.minecraft.golden_apple":3,"stat.drop.tombstone.crafting_ingredient":20,"stat.craftItem.minecraft.redstone_block":1,"stat.drop.minecraft.diamond_horse_armor":1,"stat.pickup.minecraft.crafting_table":19,"stat.useItem.minecraft.log":59,"stat.craftItem.minecraft.crafting_table":8,"stat.useItem.xlfoodmod.flesh":11,"stat.killEntity.LavaSlime":37,"stat.mineBlock.minecraft.emerald_ore":4,"stat.mineBlock.chisel.stonebrick":1,"stat.pickup.aether_legacy.lightning_sword":1,"stat.pickup.minecraft.log":652,"stat.drop.minecraft.stonebrick":1,"stat.craftItem.minecraft.stone_button":8,"stat.pickup.chisel.planks-spruce":22,"stat.pickup.minecraft.sapling":147,"stat.pickup.aether_legacy.dungeon_key":4,"stat.entityKilledBy.Enderman":1,"stat.drop.minecraft.bow":2,"stat.pickup.minecraft.beetroot":105,"stat.craftItem.toolbelt.belt":1,"stat.killEntity.WitherSkeleton":18,"stat.craftItem.minecraft.cooked_chicken":23,"stat.sneakTime":72628,"stat.drop.aether_legacy.repulsion_shield":1,"stat.useItem.minecraft.baked_potato":353,"stat.useItem.minecraft.brewing_stand":1,"stat.pickup.minecraft.stone_slab":4,"stat.pickup.minecraft.yellow_flower":7,"stat.useItem.minecraft.beetroot":34,"stat.pickup.minecraft.chest":8,"stat.craftItem.minecraft.enchanting_table":1,"stat.drop.minecraft.stone_pickaxe":3,"stat.craftItem.minecraft.leather_leggings":1,"stat.craftItem.minecraft.diamond_chestplate":1,"stat.pickup.minecraft.bone":213,"stat.useItem.midnight.dewshroom_planks":8,"stat.entityKilledBy.midnight.rifter":1,"stat.mineBlock.minecraft.brown_mushroom":14,"stat.drop.xlfoodmod.vanilla_flower":2,"stat.craftItem.minecraft.diamond_helmet":2,"stat.swimOneCm":151106,"stat.drop.xlfoodmod.pepper_seeds":1,"stat.climbOneCm":1012,"stat.drop.chisel.limestone2":5,"stat.killEntity.mimic":5,"stat.drop.aether_legacy.aether_log":2,"stat.mineBlock.minecraft.spruce_stairs":20,"stat.useItem.minecraft.dirt":3316,"stat.useItem.midnight.nightshroom_planks":7,"stat.pickup.minecraft.anvil":3,"stat.useItem.minecraft.iron_ore":1,"stat.craftItem.minecraft.stone_pickaxe":8,"stat.pickup.minecraft.cobblestone":4034,"stat.pickup.aether_legacy.mossy_holystone":39,"stat.drop.chisel.chisel_iron":2,"stat.useItem.minecraft.stone_shovel":356,"stat.mineBlock.chisel.limestone2":29,"stat.useItem.chisel.cobblestone":304,"stat.pickup.minecraft.glass_bottle":4,"stat.pickup.minecraft.soul_sand":42,"stat.useItem.chisel.limestone2":5,"stat.useItem.securitycraft.reinforced_planks":123,"stat.drop.minecraft.wheat_seeds":3,"stat.pickup.aether_legacy.blue_berry":10,"stat.craftItem.minecraft.wooden_slab":6,"stat.useItem.minecraft.cooked_beef":44,"stat.pickup.minecraft.redstone":782,"stat.pickup.aether_legacy.gummy_swet":1,"stat.mineBlock.minecraft.iron_ore":1135,"stat.craftItem.minecraft.book":14,"stat.useItem.aether_legacy.blue_berry":3,"stat.pickup.minecraft.mutton":2,"stat.mineBlock.xlfoodmod.vanilla_flower":3,"stat.drop.minecraft.coal":1,"stat.pickup.minecraft.stonebrick":1,"stat.useItem.minecraft.cooked_porkchop":110,"stat.pickup.minecraft.iron_shovel":1,"stat.drop.minecraft.beetroot_seeds":1,"stat.mineBlock.minecraft.nether_brick":15,"stat.pickup.aether_legacy.swetty_ball":3,"stat.pickup.xlfoodmod.corn_seeds":2,"stat.craftItem.minecraft.stone_slab2":0,"stat.drop.aether_legacy.agility_cape":1,"stat.mineBlock.aether_legacy.freezer":3,"stat.craftItem.minecraft.stick":732,"stat.useItem.minecraft.stone_slab":9,"stat.craftItem.minecraft.stone":165,"stat.craftItem.minecraft.armor_stand":1,"stat.pickup.aether_legacy.gravitite_gloves":2,"stat.drop.tombstone.ankh_of_pray":1,"stat.pickup.minecraft.grass":2,"stat.mineBlock.minecraft.crafting_table":19,"stat.useItem.minecraft.diamond_pickaxe":3477,"stat.useItem.minecraft.carrot":14,"stat.useItem.aether_legacy.ambrosium_torch":21,"stat.pickup.minecraft.golden_horse_armor":1,"stat.drop.minecraft.golden_apple":1,"stat.pickup.minecraft.diamond_chestplate":1,"stat.entityKilledBy.Creeper":2,"stat.mineBlock.minecraft.planks":229,"stat.drop":242,"stat.mineBlock.aether_legacy.zanite_ore":12,"stat.drop.securitycraft.taser":1,"stat.pickup.minecraft.slime_ball":6,"stat.drop.minecraft.iron_boots":1,"stat.craftItem.minecraft.diamond_pickaxe":1,"stat.pickup.minecraft.golden_chestplate":1,"stat.craftItem.securitycraft.keypad_chest":1,"stat.pickup.securitycraft.taser":1,"stat.craftItem.securitycraft.universal_block_remover":1,"stat.drop.minecraft.wooden_pickaxe":1,"stat.pickup.minecraft.gravel":158,"stat.killEntity.Slime":5,"stat.mineBlock.minecraft.anvil":3,"stat.useItem.minecraft.diamond_axe":590,"stat.drop.minecraft.cooked_porkchop":9,"stat.craftItem.travelersbackpack.backpack_tank":2,"stat.pickup.minecraft.fence":13,"stat.pickup.minecraft.iron_helmet":1,"stat.useItem.minecraft.stone_axe":474,"stat.craftItem.minecraft.bread":12,"stat.pickup.minecraft.spider_eye":14,"stat.craftItem.minecraft.iron_helmet":5,"stat.useItem.zawa.reptile_meat_cooked":1,"stat.drop.minecraft.bed":1,"stat.craftItem.midnight.viridshroom_planks":8,"stat.useItem.minecraft.cooked_chicken":1,"stat.pickup.minecraft.iron_ore":1122,"stat.pickup.aether_legacy.berry_bush_stem":2,"stat.boatOneCm":261460,"stat.craftItem.minecraft.flint_and_steel":1,"stat.pickup.xlfoodmod.tomato_seeds":1,"stat.mineBlock.minecraft.stone_stairs":1,"stat.pickup.minecraft.leather":65,"stat.mineBlock.minecraft.furnace":23,"stat.useItem.minecraft.wooden_pickaxe":38,"stat.pickup.minecraft.reeds":64,"stat.killEntity.CaveSpider":15,"tombstone:undead_killed":487,"stat.pickup.minecraft.oak_stairs":1,"stat.damageDealt":163706,"stat.craftItem.minecraft.glass":117,"stat.craftItem.minecraft.cauldron":1,"stat.killEntity.zephyr":2,"stat.craftItem.minecraft.bowl":4,"stat.sleepInBed":30,"stat.craftItem.minecraft.baked_potato":364,"stat.craftItem.minecraft.anvil":1,"stat.mineBlock.minecraft.nether_brick_stairs":1,"stat.killEntity.Cow":43,"stat.pickup.minecraft.minecart":1,"stat.killEntity.Pig":67,"stat.craftItem.minecraft.iron_sword":4,"stat.craftItem.minecraft.stone_shovel":2,"stat.pickup.minecraft.boat":5,"stat.walkOneCm":6555904,"stat.playerKills":1,"stat.pickup.minecraft.stick":16,"stat.pickup.tombstone.ankh_of_pray":1,"stat.useItem.minecraft.spruce_boat":18,"stat.pickup.zawa.legume":1,"stat.mineBlock.chisel.basalt2":6,"stat.drop.xlfoodmod.rice_seeds":1,"stat.drop.aether_legacy.zanite_pickaxe":1,"stat.pickup.minecraft.stone":172,"stat.useItem.minecraft.spruce_stairs":204,"stat.drop.aether_legacy.healing_stone":2,"stat.pickup.minecraft.gold_ingot":15,"stat.killEntity.Skeleton":157,"stat.killEntity.Chicken":23,"stat.killEntity.Spider":40,"stat.pickup.minecraft.bread":11,"stat.mineBlock.minecraft.quartz_ore":99,"stat.killEntity.aerwhale":3,"stat.pickup.midnight.nightshroom_stem":2,"stat.pickup.minecraft.quartz":98,"stat.useItem.minecraft.golden_apple":2,"stat.mineBlock.minecraft.leaves":138,"stat.useItem.chisel.cobblestone1":3,"stat.pickup.minecraft.spruce_stairs":19,"stat.mineBlock.minecraft.redstone_ore":162,"stat.useItem.chisel.cobblestone2":152,"stat.mineBlock.minecraft.stone":3756}