{"stat.mineBlock.midnight.double_nightshroom":1,"stat.pickup.midnight.double_nightshroom":2,"stat.chestOpened":1,"stat.pickup.minecraft.bone":2,"stat.pickup.minecraft.arrow":3,"stat.mineBlock.midnight.dewshroom":5,"stat.mineBlock.minecraft.cobblestone":7,"stat.entityKilledBy.midnight.rifter":1,"stat.mineBlock.midnight.lumen_bud":4,"stat.pickup.midnight.unstable_fruit_blue":2,"stat.useItem.minecraft.rotten_flesh":4,"stat.pickup.midnight.bladeshroom_cap":4,"stat.swimOneCm":3256,"stat.jump":491,"stat.pickup.minecraft.coal":34,"stat.fallOneCm":15435,"stat.mineBlock.midnight.tall_midnight_grass":6,"stat.pickup.midnight.dewshroom":5,"stat.craftItem.midnight.dark_stick":4,"stat.pickup.minecraft.gunpowder":1,"stat.crouchOneCm":78,"stat.pickup.minecraft.dirt":20,"stat.useItem.minecraft.dirt":7,"stat.useItem.minecraft.stone_slab2":9,"stat.craftItem.midnight.viridshroom_planks":20,"stat.craftingTableInteraction":14,"stat.pickup.minecraft.rotten_flesh":5,"stat.mineBlock.midnight.ghost_plant":2,"stat.pickup.midnight.dewshroom_stem":5,"stat.damageTaken":1832,"stat.craftItem.minecraft.stone_pickaxe":1,"stat.useItem.minecraft.wooden_pickaxe":28,"stat.pickup.minecraft.cobblestone":53,"stat.craftItem.minecraft.wooden_sword":1,"stat.pickup.midnight.nightshroom":4,"stat.craftItem.minecraft.stone_sword":1,"stat.flyOneCm":44973,"tombstone:undead_killed":1,"stat.pickup.minecraft.wheat_seeds":2,"stat.entityKilledBy.Zombie":2,"stat.useItem.minecraft.stone_pickaxe":64,"stat.useItem.minecraft.stone_sword":37,"stat.damageDealt":723,"stat.mineBlock.midnight.viridshroom":2,"stat.timeSinceDeath":3287,"stat.mineBlock.minecraft.dirt":9,"stat.craftItem.minecraft.wooden_pickaxe":2,"stat.mineBlock.midnight.double_midnight_grass":1,"stat.pickup.minecraft.double_plant":2,"stat.walkOneCm":184263,"stat.pickup.midnight.viridshroom":2,"stat.mineBlock.midnight.nightshroom_stem":4,"stat.pickup.minecraft.crafting_table":4,"stat.mineBlock.midnight.dewshroom_stem":5,"stat.useItem.minecraft.cobblestone":42,"stat.craftItem.minecraft.crafting_table":4,"stat.drop.minecraft.dirt":1,"stat.mineBlock.minecraft.double_plant":1,"stat.pickup.midnight.ghost_plant":2,"stat.mineBlock.minecraft.coal_ore":34,"stat.pickup.midnight.unstable_fruit_lime":4,"stat.pickup.minecraft.log":26,"stat.useItem.minecraft.double_plant":1,"stat.useItem.tombstone.gift":1,"stat.entityKilledBy.Skeleton":2,"stat.pickup.midnight.double_dewshroom":1,"stat.mineBlock.midnight.viridshroom_stem":7,"stat.pickup.midnight.double_viridshroom":1,"stat.pickup.minecraft.sapling":1,"stat.sprintOneCm":65589,"stat.craftItem.minecraft.stick":16,"stat.craftItem.minecraft.wooden_axe":2,"stat.pickup.midnight.bladeshroom_spores":6,"stat.entityKilledBy.midnight.hunter":1,"stat.craftItem.minecraft.planks":92,"stat.mineBlock.minecraft.crafting_table":4,"stat.pickup.midnight.lumen_bud":4,"stat.pickup.midnight.nightshroom_stem":4,"stat.mobKills":2,"stat.mineBlock.midnight.double_lumen_bud":5,"stat.mineBlock.minecraft.log":22,"stat.useItem.midnight.nightshroom":1,"stat.deaths":6,"stat.drop":1,"stat.pickup.midnight.double_lumen_bud":7,"stat.mineBlock.minecraft.leaves":4,"stat.playOneMinute":37006,"stat.sneakTime":13,"stat.mineBlock.midnight.nightshroom":4,"stat.pickup.midnight.viridshroom_stem":7,"stat.killEntity.Zombie":1,"stat.pickup.zawa.care_guide":1,"stat.useItem.minecraft.wooden_axe":23,"stat.mineBlock.minecraft.stone":46,"stat.mineBlock.minecraft.tallgrass":3,"stat.diveOneCm":5581}