{"stat.useItem.minecraft.bow":10,"stat.leaveGame":3,"stat.pickup.midnight.bloomcrystal":1,"stat.craftItem.minecraft.iron_axe":1,"stat.useItem.minecraft.planks":2,"stat.craftItem.midnight.dark_stick":8,"stat.pickup.minecraft.porkchop":15,"stat.pickup.minecraft.rotten_flesh":8,"stat.useItem.midnight.dewshroom_sporch":1,"stat.mineBlock.midnight.ghost_plant":2,"stat.pickup.midnight.dewshroom_stem":7,"stat.craftItem.midnight.dewshroom_sporch":2,"stat.craftItem.minecraft.stone_axe":1,"stat.pickup.midnight.nightshroom":6,"stat.craftItem.minecraft.stone_sword":2,"stat.pickup.minecraft.brown_mushroom":2,"stat.useItem.minecraft.iron_pickaxe":8,"stat.craftItem.minecraft.wooden_pickaxe":3,"stat.pickup.minecraft.double_plant":2,"stat.mineBlock.midnight.nightshroom_stem":8,"stat.furnaceInteraction":23,"stat.pickup.midnight.unstable_fruit_lime":4,"stat.useItem.minecraft.double_plant":1,"stat.pickup.minecraft.beef":8,"stat.pickup.minecraft.furnace":2,"stat.pickup.midnight.double_dewshroom":3,"stat.mineBlock.midnight.suavis":2,"stat.useItem.minecraft.beef":7,"stat.useItem.midnight.nightshroom":1,"stat.deaths":11,"stat.pickup.minecraft.egg":4,"stat.playOneMinute":166564,"stat.craftItem.minecraft.iron_pickaxe":1,"stat.mineBlock.midnight.bloomcrystal":1,"stat.pickup.zawa.care_guide":1,"stat.mineBlock.minecraft.tallgrass":8,"stat.pickup.midnight.double_nightshroom":2,"stat.chestOpened":10,"stat.pickup.minecraft.spruce_door":1,"stat.craftItem.minecraft.sign":3,"stat.useItem.minecraft.stone":6,"stat.pickup.minecraft.arrow":6,"stat.mineBlock.midnight.dewshroom_shelf":1,"stat.mineBlock.midnight.lumen_bud":5,"stat.pickup.midnight.unstable_fruit_blue":2,"stat.useItem.midnight.bladeshroom_cap":3,"stat.fallOneCm":62507,"stat.mineBlock.midnight.tall_midnight_grass":13,"stat.pickup.midnight.dewshroom":5,"stat.pickup.minecraft.carrot":28,"stat.crouchOneCm":81,"stat.craftItem.minecraft.iron_ingot":48,"stat.craftItem.minecraft.chest":1,"stat.pickup.midnight.crystal_flower":10,"stat.craftingTableInteraction":48,"stat.craftItem.midnight.bladeshroom_spores":1,"stat.pickup.minecraft.feather":7,"stat.craftItem.minecraft.wooden_sword":1,"stat.mineBlock.midnight.bloomcrystal_rock":6,"stat.pickup.minecraft.planks":3,"stat.pickup.chisel.limestone2":1,"stat.pickup.minecraft.wheat_seeds":6,"stat.useItem.minecraft.stone_pickaxe":461,"stat.useItem.minecraft.stone_sword":121,"stat.craftItem.minecraft.iron_leggings":1,"stat.mineBlock.midnight.viridshroom":3,"stat.mineBlock.xlfoodmod.grass":1,"stat.mineBlock.minecraft.dirt":33,"stat.useItem.minecraft.torch":33,"stat.useItem.minecraft.bread":1,"stat.pickup.minecraft.crafting_table":10,"stat.useItem.minecraft.cobblestone":55,"stat.craftItem.minecraft.crafting_table":7,"stat.mineBlock.minecraft.double_plant":4,"stat.craftItem.midnight.dewshroom_planks":28,"stat.pickup.minecraft.log":57,"stat.pickup.minecraft.chicken":6,"stat.pickup.midnight.double_viridshroom":1,"stat.pickup.minecraft.sapling":1,"stat.pickup.minecraft.beetroot":12,"stat.craftItem.minecraft.planks":200,"stat.useItem.minecraft.iron_sword":57,"stat.mineBlock.midnight.double_lumen_bud":5,"stat.pickup.minecraft.book":21,"stat.mineBlock.minecraft.log":47,"stat.useItem.minecraft.beetroot_seeds":20,"stat.sneakTime":21,"stat.pickup.minecraft.wool":6,"stat.pickup.midnight.viridshroom_stem":9,"stat.useItem.minecraft.baked_potato":4,"stat.useItem.minecraft.wooden_axe":39,"stat.useItem.minecraft.beetroot":12,"stat.useItem.minecraft.fishing_rod":6,"stat.mineBlock.midnight.double_nightshroom":1,"stat.pickup.minecraft.bone":5,"stat.useItem.minecraft.iron_axe":7,"stat.mineBlock.midnight.dewshroom":5,"stat.mineBlock.minecraft.cobblestone":7,"stat.entityKilledBy.midnight.rifter":2,"stat.mineBlock.minecraft.yellow_flower":1,"stat.mineBlock.midnight.crystal_flower":10,"stat.mineBlock.minecraft.brown_mushroom":1,"stat.mineBlock.midnight.nightshroom_hat":4,"stat.swimOneCm":42745,"stat.pickup.midnight.bloomcrystal_rock":5,"stat.drop.minecraft.brown_mushroom":1,"stat.useItem.minecraft.dirt":16,"stat.useItem.minecraft.stone_slab2":52,"stat.pickup.minecraft.bow":1,"stat.craftItem.minecraft.furnace":1,"stat.useItem.minecraft.egg":1,"stat.craftItem.minecraft.iron_boots":1,"stat.craftItem.minecraft.spruce_boat":1,"stat.craftItem.minecraft.stone_pickaxe":6,"stat.craftItem.minecraft.cooked_beef":6,"stat.pickup.minecraft.cobblestone":381,"stat.craftItem.minecraft.bow":1,"stat.mineBlock.chisel.limestone2":1,"stat.flyOneCm":225553,"stat.useItem.minecraft.cooked_beef":6,"stat.mineBlock.minecraft.iron_ore":44,"stat.timeSinceDeath":5102,"stat.useItem.minecraft.sign":2,"stat.mineBlock.midnight.double_midnight_grass":1,"stat.pickup.minecraft.mutton":9,"stat.useItem.minecraft.potato":3,"stat.drop.minecraft.dirt":1,"stat.useItem.midnight.crystal_flower":9,"stat.useItem.minecraft.cooked_porkchop":1,"stat.pickup.midnight.ghost_plant":2,"stat.mineBlock.minecraft.coal_ore":114,"stat.pickup.minecraft.string":2,"stat.entityKilledBy.Skeleton":4,"stat.mineBlock.midnight.viridshroom_stem":9,"stat.sprintOneCm":469232,"stat.craftItem.midnight.dewshroom_powder":4,"stat.craftItem.minecraft.stick":64,"stat.craftItem.minecraft.wooden_axe":3,"stat.pickup.midnight.bladeshroom_spores":24,"stat.entityKilledBy.midnight.hunter":1,"stat.mineBlock.minecraft.crafting_table":10,"stat.useItem.minecraft.carrot":28,"stat.mineBlock.minecraft.planks":3,"stat.drop":5,"stat.pickup.midnight.double_lumen_bud":7,"stat.useItem.minecraft.wooden_sword":39,"stat.drop.tombstone.grave_key":3,"stat.killEntity.Sheep":6,"stat.pickup.tombstone.grave_key":1,"stat.mineBlock.midnight.nightshroom":6,"stat.killEntity.Zombie":2,"stat.diveOneCm":21161,"stat.pickup.minecraft.wheat":1,"stat.craftItem.minecraft.cooked_porkchop":1,"stat.useItem.minecraft.porkchop":7,"stat.useItem.minecraft.rotten_flesh":8,"stat.pickup.midnight.bladeshroom_cap":18,"stat.useItem.midnight.double_nightshroom":1,"stat.jump":2690,"stat.pickup.minecraft.coal":118,"stat.pickup.minecraft.iron_ingot":1,"stat.useItem.minecraft.stone_axe":35,"stat.pickup.minecraft.gunpowder":1,"stat.craftItem.minecraft.torch":32,"stat.pickup.minecraft.dirt":52,"stat.craftItem.minecraft.iron_helmet":1,"stat.craftItem.midnight.viridshroom_planks":20,"stat.pickup.minecraft.iron_ore":44,"stat.damageTaken":4674,"stat.pickup.minecraft.leather":1,"stat.mineBlock.midnight.double_dewshroom":1,"stat.mineBlock.minecraft.torch":18,"stat.mineBlock.minecraft.furnace":2,"stat.useItem.minecraft.wooden_pickaxe":112,"tombstone:undead_killed":2,"stat.pickup.minecraft.potato":3,"stat.entityKilledBy.Zombie":3,"stat.damageDealt":3544,"stat.killEntity.Cow":3,"stat.useItem.minecraft.crafting_table":1,"stat.pickup.midnight.raw_suavis":6,"stat.killEntity.Pig":6,"stat.craftItem.minecraft.iron_sword":1,"stat.walkOneCm":593467,"stat.pickup.midnight.viridshroom":3,"stat.pickup.minecraft.stick":6,"stat.mineBlock.midnight.dewshroom_stem":7,"stat.useItem.tombstone.gift":1,"stat.pickup.minecraft.stone":15,"stat.craftItem.minecraft.iron_chestplate":1,"stat.pickup.minecraft.baked_potato":4,"stat.pickup.midnight.dewshroom_shelf":1,"stat.useItem.midnight.double_dewshroom":1,"stat.killEntity.Chicken":6,"stat.killEntity.Spider":1,"stat.pickup.midnight.lumen_bud":8,"stat.pickup.minecraft.bread":1,"stat.pickup.midnight.nightshroom_stem":8,"stat.mobKills":27,"stat.mineBlock.minecraft.bookshelf":7,"stat.mineBlock.minecraft.leaves":10,"stat.pickup.minecraft.beetroot_seeds":23,"stat.pickup.minecraft.torch":18,"stat.mineBlock.minecraft.stone":377}