{"stat.mineBlock.midnight.double_nightshroom":1,"stat.pickup.minecraft.bone":5,"stat.useItem.minecraft.iron_axe":7,"stat.leaveGame":2,"stat.mineBlock.midnight.dewshroom":5,"stat.mineBlock.minecraft.cobblestone":7,"stat.entityKilledBy.midnight.rifter":2,"stat.pickup.midnight.bloomcrystal":1,"stat.craftItem.minecraft.iron_axe":1,"stat.mineBlock.midnight.crystal_flower":10,"stat.mineBlock.midnight.nightshroom_hat":4,"stat.swimOneCm":20219,"stat.craftItem.midnight.dark_stick":8,"stat.pickup.midnight.bloomcrystal_rock":5,"stat.useItem.minecraft.dirt":12,"stat.useItem.minecraft.stone_slab2":45,"stat.pickup.minecraft.bow":1,"stat.pickup.minecraft.rotten_flesh":8,"stat.useItem.midnight.dewshroom_sporch":1,"stat.mineBlock.midnight.ghost_plant":2,"stat.craftItem.minecraft.furnace":1,"stat.pickup.midnight.dewshroom_stem":7,"stat.craftItem.midnight.dewshroom_sporch":2,"stat.craftItem.minecraft.stone_axe":1,"stat.craftItem.minecraft.iron_boots":1,"stat.craftItem.minecraft.stone_pickaxe":6,"stat.pickup.minecraft.cobblestone":370,"stat.pickup.midnight.nightshroom":6,"stat.craftItem.minecraft.bow":1,"stat.mineBlock.chisel.limestone2":1,"stat.craftItem.minecraft.stone_sword":2,"stat.flyOneCm":146012,"stat.pickup.minecraft.brown_mushroom":1,"stat.mineBlock.minecraft.iron_ore":43,"stat.timeSinceDeath":19871,"stat.useItem.minecraft.iron_pickaxe":5,"stat.craftItem.minecraft.wooden_pickaxe":3,"stat.mineBlock.midnight.double_midnight_grass":1,"stat.pickup.minecraft.double_plant":2,"stat.useItem.minecraft.potato":3,"stat.mineBlock.midnight.nightshroom_stem":8,"stat.furnaceInteraction":20,"stat.drop.minecraft.dirt":1,"stat.useItem.midnight.crystal_flower":9,"stat.pickup.midnight.ghost_plant":2,"stat.mineBlock.minecraft.coal_ore":83,"stat.pickup.midnight.unstable_fruit_lime":4,"stat.pickup.minecraft.string":2,"stat.useItem.minecraft.double_plant":1,"stat.pickup.minecraft.furnace":2,"stat.entityKilledBy.Skeleton":2,"stat.pickup.midnight.double_dewshroom":3,"stat.mineBlock.midnight.viridshroom_stem":9,"stat.sprintOneCm":292877,"stat.craftItem.midnight.dewshroom_powder":4,"stat.craftItem.minecraft.stick":60,"stat.craftItem.minecraft.wooden_axe":3,"stat.pickup.midnight.bladeshroom_spores":24,"stat.entityKilledBy.midnight.hunter":1,"stat.mineBlock.minecraft.crafting_table":10,"stat.useItem.minecraft.carrot":28,"stat.mineBlock.midnight.suavis":2,"stat.useItem.midnight.nightshroom":1,"stat.deaths":8,"stat.drop":4,"stat.pickup.midnight.double_lumen_bud":7,"stat.playOneMinute":130762,"stat.useItem.minecraft.wooden_sword":39,"stat.drop.tombstone.grave_key":3,"stat.pickup.tombstone.grave_key":1,"stat.craftItem.minecraft.iron_pickaxe":1,"stat.mineBlock.midnight.nightshroom":6,"stat.mineBlock.midnight.bloomcrystal":1,"stat.killEntity.Zombie":2,"stat.pickup.zawa.care_guide":1,"stat.mineBlock.minecraft.tallgrass":4,"stat.diveOneCm":7689,"stat.pickup.minecraft.wheat":1,"stat.pickup.midnight.double_nightshroom":2,"stat.chestOpened":9,"stat.pickup.minecraft.spruce_door":1,"stat.useItem.minecraft.stone":6,"stat.pickup.minecraft.arrow":6,"stat.mineBlock.midnight.dewshroom_shelf":1,"stat.mineBlock.midnight.lumen_bud":5,"stat.pickup.midnight.unstable_fruit_blue":2,"stat.useItem.midnight.bladeshroom_cap":3,"stat.useItem.minecraft.rotten_flesh":8,"stat.pickup.midnight.bladeshroom_cap":18,"stat.useItem.midnight.double_nightshroom":1,"stat.jump":1846,"stat.pickup.minecraft.coal":88,"stat.fallOneCm":43619,"stat.pickup.minecraft.iron_ingot":1,"stat.mineBlock.midnight.tall_midnight_grass":13,"stat.pickup.midnight.dewshroom":5,"stat.pickup.minecraft.carrot":28,"stat.useItem.minecraft.stone_axe":35,"stat.pickup.minecraft.gunpowder":1,"stat.crouchOneCm":81,"stat.craftItem.minecraft.torch":32,"stat.craftItem.minecraft.iron_ingot":48,"stat.craftItem.minecraft.chest":1,"stat.pickup.midnight.crystal_flower":10,"stat.pickup.minecraft.dirt":45,"stat.craftItem.minecraft.iron_helmet":1,"stat.craftItem.midnight.viridshroom_planks":20,"stat.craftingTableInteraction":44,"stat.pickup.minecraft.iron_ore":43,"stat.craftItem.midnight.bladeshroom_spores":1,"stat.damageTaken":3053,"stat.mineBlock.midnight.double_dewshroom":1,"stat.mineBlock.minecraft.torch":17,"stat.mineBlock.minecraft.furnace":2,"stat.useItem.minecraft.wooden_pickaxe":112,"stat.craftItem.minecraft.wooden_sword":1,"stat.mineBlock.midnight.bloomcrystal_rock":6,"stat.pickup.chisel.limestone2":1,"tombstone:undead_killed":2,"stat.pickup.minecraft.wheat_seeds":4,"stat.pickup.minecraft.potato":3,"stat.entityKilledBy.Zombie":3,"stat.useItem.minecraft.stone_pickaxe":418,"stat.useItem.minecraft.stone_sword":84,"stat.craftItem.minecraft.iron_leggings":1,"stat.damageDealt":1660,"stat.mineBlock.midnight.viridshroom":3,"stat.mineBlock.xlfoodmod.grass":1,"stat.mineBlock.minecraft.dirt":26,"stat.useItem.minecraft.crafting_table":1,"stat.pickup.midnight.raw_suavis":6,"stat.craftItem.minecraft.iron_sword":1,"stat.walkOneCm":478315,"stat.useItem.minecraft.torch":32,"stat.useItem.minecraft.bread":1,"stat.pickup.midnight.viridshroom":3,"stat.pickup.minecraft.crafting_table":10,"stat.mineBlock.midnight.dewshroom_stem":7,"stat.useItem.minecraft.cobblestone":54,"stat.craftItem.minecraft.crafting_table":6,"stat.mineBlock.minecraft.double_plant":2,"stat.craftItem.midnight.dewshroom_planks":28,"stat.pickup.minecraft.log":52,"stat.useItem.tombstone.gift":1,"stat.pickup.minecraft.stone":10,"stat.craftItem.minecraft.iron_chestplate":1,"stat.pickup.minecraft.baked_potato":4,"stat.pickup.midnight.double_viridshroom":1,"stat.pickup.minecraft.sapling":1,"stat.pickup.midnight.dewshroom_shelf":1,"stat.pickup.minecraft.beetroot":12,"stat.useItem.midnight.double_dewshroom":1,"stat.craftItem.minecraft.planks":180,"stat.killEntity.Spider":1,"stat.pickup.midnight.lumen_bud":8,"stat.pickup.minecraft.bread":1,"stat.pickup.midnight.nightshroom_stem":8,"stat.mobKills":5,"stat.mineBlock.midnight.double_lumen_bud":5,"stat.pickup.minecraft.book":21,"stat.mineBlock.minecraft.log":42,"stat.mineBlock.minecraft.bookshelf":7,"stat.mineBlock.minecraft.leaves":10,"stat.pickup.minecraft.beetroot_seeds":23,"stat.pickup.minecraft.torch":17,"stat.useItem.minecraft.beetroot_seeds":20,"stat.sneakTime":21,"stat.pickup.midnight.viridshroom_stem":9,"stat.useItem.minecraft.baked_potato":4,"stat.useItem.minecraft.wooden_axe":39,"stat.mineBlock.minecraft.stone":367,"stat.useItem.minecraft.beetroot":9}