{"stat.useItem.minecraft.bow":10,"stat.leaveGame":5,"stat.pickup.midnight.bloomcrystal":1,"stat.craftItem.minecraft.iron_axe":1,"stat.useItem.minecraft.mutton":9,"stat.useItem.minecraft.planks":2,"stat.craftItem.midnight.dark_stick":8,"stat.pickup.minecraft.porkchop":15,"stat.mineBlock.zawa.pyropia":1,"stat.pickup.minecraft.rotten_flesh":8,"stat.useItem.midnight.dewshroom_sporch":1,"stat.mineBlock.midnight.ghost_plant":2,"stat.pickup.midnight.dewshroom_stem":7,"stat.craftItem.midnight.dewshroom_sporch":2,"stat.craftItem.minecraft.stone_axe":1,"stat.pickup.midnight.nightshroom":6,"stat.craftItem.minecraft.stone_sword":2,"stat.pickup.minecraft.brown_mushroom":2,"stat.useItem.minecraft.iron_pickaxe":25,"stat.craftItem.minecraft.wooden_pickaxe":3,"stat.pickup.minecraft.double_plant":2,"stat.mineBlock.midnight.nightshroom_stem":8,"stat.furnaceInteraction":26,"stat.pickup.midnight.unstable_fruit_lime":4,"stat.useItem.minecraft.double_plant":1,"stat.pickup.minecraft.beef":8,"stat.pickup.minecraft.furnace":2,"stat.pickup.midnight.double_dewshroom":3,"stat.useItem.minecraft.wheat_seeds":2,"stat.mineBlock.midnight.suavis":2,"stat.useItem.minecraft.beef":8,"stat.useItem.midnight.nightshroom":1,"stat.deaths":11,"stat.pickup.minecraft.egg":6,"stat.playOneMinute":224599,"stat.craftItem.minecraft.iron_pickaxe":1,"stat.mineBlock.midnight.bloomcrystal":1,"stat.pickup.zawa.care_guide":1,"stat.mineBlock.minecraft.tallgrass":9,"stat.pickup.midnight.double_nightshroom":2,"stat.chestOpened":13,"stat.pickup.minecraft.spruce_door":1,"stat.craftItem.minecraft.sign":3,"stat.useItem.minecraft.stone":6,"stat.pickup.minecraft.arrow":6,"stat.mineBlock.midnight.dewshroom_shelf":1,"stat.mineBlock.midnight.lumen_bud":5,"stat.pickup.midnight.unstable_fruit_blue":2,"stat.useItem.midnight.bladeshroom_cap":3,"stat.fallOneCm":85467,"stat.mineBlock.midnight.tall_midnight_grass":13,"stat.pickup.midnight.dewshroom":5,"stat.pickup.minecraft.carrot":46,"stat.crouchOneCm":867,"stat.craftItem.minecraft.iron_ingot":48,"stat.craftItem.minecraft.chest":1,"stat.pickup.midnight.crystal_flower":10,"stat.craftingTableInteraction":53,"stat.craftItem.midnight.bladeshroom_spores":1,"stat.pickup.minecraft.feather":7,"stat.craftItem.minecraft.wooden_sword":1,"stat.mineBlock.midnight.bloomcrystal_rock":6,"stat.pickup.minecraft.planks":3,"stat.pickup.chisel.limestone2":1,"stat.pickup.minecraft.wheat_seeds":13,"stat.useItem.minecraft.stone_pickaxe":570,"stat.useItem.minecraft.stone_sword":121,"stat.craftItem.minecraft.iron_leggings":1,"stat.mineBlock.midnight.viridshroom":3,"stat.useItem.minecraft.wool":2,"stat.mineBlock.xlfoodmod.grass":1,"stat.mineBlock.minecraft.dirt":42,"stat.useItem.minecraft.torch":33,"stat.useItem.minecraft.bread":1,"stat.pickup.minecraft.crafting_table":11,"stat.useItem.minecraft.cobblestone":91,"stat.craftItem.minecraft.crafting_table":9,"stat.mineBlock.minecraft.double_plant":4,"stat.craftItem.midnight.dewshroom_planks":28,"stat.pickup.minecraft.log":92,"stat.pickup.minecraft.chicken":6,"stat.pickup.midnight.double_viridshroom":1,"stat.pickup.minecraft.sapling":3,"stat.pickup.minecraft.beetroot":17,"stat.craftItem.minecraft.planks":336,"stat.useItem.minecraft.iron_sword":57,"stat.mineBlock.midnight.double_lumen_bud":5,"stat.pickup.minecraft.book":21,"stat.mineBlock.minecraft.log":77,"stat.useItem.minecraft.beetroot_seeds":32,"stat.sneakTime":242,"stat.pickup.minecraft.wool":8,"stat.pickup.midnight.viridshroom_stem":9,"stat.useItem.minecraft.baked_potato":4,"stat.useItem.minecraft.wooden_axe":39,"stat.useItem.minecraft.beetroot":17,"stat.useItem.minecraft.fishing_rod":6,"stat.mineBlock.midnight.double_nightshroom":1,"stat.pickup.minecraft.bone":5,"stat.useItem.minecraft.iron_axe":49,"stat.mineBlock.midnight.dewshroom":5,"stat.mineBlock.minecraft.cobblestone":10,"stat.entityKilledBy.midnight.rifter":2,"stat.mineBlock.minecraft.yellow_flower":1,"stat.mineBlock.midnight.crystal_flower":10,"stat.mineBlock.minecraft.brown_mushroom":1,"stat.mineBlock.midnight.nightshroom_hat":4,"stat.swimOneCm":50294,"stat.pickup.midnight.bloomcrystal_rock":5,"stat.drop.minecraft.brown_mushroom":1,"stat.craftItem.minecraft.arrow":12,"stat.useItem.minecraft.dirt":21,"stat.useItem.minecraft.stone_slab2":61,"stat.pickup.minecraft.bow":1,"stat.craftItem.minecraft.furnace":1,"stat.useItem.minecraft.egg":5,"stat.craftItem.minecraft.iron_boots":1,"stat.craftItem.minecraft.spruce_boat":1,"stat.craftItem.minecraft.stone_pickaxe":7,"stat.craftItem.minecraft.cooked_beef":6,"stat.pickup.minecraft.cobblestone":477,"stat.craftItem.minecraft.bow":1,"stat.mineBlock.chisel.limestone2":1,"stat.flyOneCm":315936,"stat.drop.minecraft.wheat_seeds":2,"stat.useItem.minecraft.cooked_beef":6,"stat.mineBlock.minecraft.iron_ore":44,"stat.timeSinceDeath":63137,"stat.useItem.minecraft.sign":2,"stat.mineBlock.midnight.double_midnight_grass":1,"stat.pickup.minecraft.mutton":12,"stat.useItem.minecraft.potato":7,"stat.drop.minecraft.dirt":1,"stat.useItem.midnight.crystal_flower":9,"stat.useItem.minecraft.cooked_porkchop":1,"stat.pickup.midnight.ghost_plant":2,"stat.mineBlock.minecraft.coal_ore":136,"stat.talkedToVillager":3,"stat.pickup.minecraft.string":2,"stat.entityKilledBy.Skeleton":4,"stat.mineBlock.midnight.viridshroom_stem":9,"stat.sprintOneCm":644465,"stat.craftItem.midnight.dewshroom_powder":4,"stat.craftItem.minecraft.stick":68,"stat.craftItem.minecraft.wooden_axe":3,"stat.pickup.midnight.bladeshroom_spores":24,"stat.entityKilledBy.midnight.hunter":1,"stat.mineBlock.minecraft.crafting_table":11,"stat.useItem.minecraft.carrot":41,"stat.pickup.minecraft.golden_horse_armor":1,"stat.mineBlock.minecraft.planks":3,"stat.drop":8,"stat.pickup.midnight.double_lumen_bud":7,"stat.useItem.minecraft.wooden_sword":39,"stat.drop.tombstone.grave_key":3,"stat.killEntity.Sheep":8,"stat.pickup.tombstone.grave_key":1,"stat.mineBlock.midnight.nightshroom":6,"stat.craftItem.minecraft.emerald":1,"stat.killEntity.Zombie":2,"stat.diveOneCm":30363,"stat.pickup.minecraft.wheat":2,"stat.craftItem.minecraft.cooked_porkchop":1,"stat.useItem.minecraft.porkchop":12,"stat.useItem.minecraft.rotten_flesh":8,"stat.pickup.midnight.bladeshroom_cap":18,"stat.useItem.midnight.double_nightshroom":1,"stat.jump":3475,"stat.pickup.minecraft.coal":140,"stat.pickup.minecraft.iron_ingot":1,"stat.useItem.minecraft.stone_axe":35,"stat.pickup.minecraft.gunpowder":1,"stat.craftItem.minecraft.torch":32,"stat.pickup.minecraft.dirt":61,"stat.craftItem.minecraft.iron_helmet":1,"stat.pickup.zawa.pyropia":1,"stat.craftItem.midnight.viridshroom_planks":20,"stat.pickup.minecraft.iron_ore":44,"stat.boatOneCm":170352,"stat.useItem.minecraft.sapling":1,"stat.damageTaken":5135,"stat.pickup.minecraft.leather":1,"stat.mineBlock.midnight.double_dewshroom":1,"stat.mineBlock.minecraft.torch":18,"stat.mineBlock.minecraft.furnace":2,"stat.useItem.minecraft.wooden_pickaxe":112,"stat.tradedWithVillager":2,"tombstone:undead_killed":2,"stat.pickup.minecraft.potato":8,"stat.entityKilledBy.Zombie":3,"stat.damageDealt":3747,"stat.killEntity.Cow":3,"stat.useItem.minecraft.crafting_table":1,"stat.pickup.midnight.raw_suavis":6,"stat.killEntity.Pig":6,"stat.craftItem.minecraft.iron_sword":1,"stat.walkOneCm":777082,"stat.pickup.midnight.viridshroom":3,"stat.pickup.minecraft.stick":6,"stat.mineBlock.midnight.dewshroom_stem":7,"stat.useItem.minecraft.spruce_boat":6,"stat.useItem.tombstone.gift":1,"stat.pickup.minecraft.stone":15,"stat.craftItem.minecraft.iron_chestplate":1,"stat.pickup.minecraft.baked_potato":4,"stat.drop.minecraft.egg":1,"stat.pickup.midnight.dewshroom_shelf":1,"stat.useItem.midnight.double_dewshroom":1,"stat.killEntity.Chicken":6,"stat.killEntity.Spider":1,"stat.pickup.midnight.lumen_bud":8,"stat.pickup.minecraft.bread":1,"stat.pickup.midnight.nightshroom_stem":8,"stat.mobKills":29,"stat.mineBlock.minecraft.bookshelf":7,"stat.mineBlock.minecraft.leaves":15,"stat.pickup.minecraft.beetroot_seeds":37,"stat.pickup.minecraft.torch":18,"stat.pickup.minecraft.spruce_boat":6,"stat.mineBlock.minecraft.stone":470}