{"stat.mineBlock.midnight.double_nightshroom":1,"stat.pickup.midnight.double_nightshroom":1,"stat.walkOneCm":65005,"stat.pickup.minecraft.bone":2,"stat.pickup.midnight.viridshroom":2,"stat.pickup.minecraft.arrow":3,"stat.mineBlock.midnight.dewshroom":4,"stat.mineBlock.midnight.dewshroom_stem":5,"stat.pickup.minecraft.crafting_table":2,"stat.craftItem.minecraft.crafting_table":2,"stat.mineBlock.minecraft.double_plant":1,"stat.mineBlock.midnight.lumen_bud":4,"stat.pickup.midnight.ghost_plant":2,"stat.pickup.midnight.unstable_fruit_lime":4,"stat.pickup.midnight.unstable_fruit_blue":2,"stat.pickup.minecraft.log":11,"stat.pickup.midnight.bladeshroom_cap":3,"stat.swimOneCm":617,"stat.jump":167,"stat.fallOneCm":6245,"stat.mineBlock.midnight.tall_midnight_grass":2,"stat.pickup.midnight.dewshroom":4,"stat.useItem.tombstone.gift":1,"stat.craftItem.midnight.dark_stick":4,"stat.entityKilledBy.Skeleton":1,"stat.pickup.midnight.double_dewshroom":1,"stat.crouchOneCm":78,"stat.mineBlock.midnight.viridshroom_stem":7,"stat.sprintOneCm":12934,"stat.useItem.minecraft.stone_slab2":2,"stat.craftItem.midnight.viridshroom_planks":20,"stat.craftItem.minecraft.stick":4,"stat.craftItem.minecraft.wooden_axe":1,"stat.craftingTableInteraction":2,"stat.pickup.minecraft.rotten_flesh":1,"stat.mineBlock.midnight.ghost_plant":2,"stat.pickup.midnight.bladeshroom_spores":5,"stat.entityKilledBy.midnight.hunter":1,"stat.pickup.midnight.dewshroom_stem":5,"stat.craftItem.minecraft.planks":20,"stat.damageTaken":575,"stat.mineBlock.minecraft.crafting_table":2,"stat.pickup.midnight.lumen_bud":4,"stat.mineBlock.midnight.double_lumen_bud":2,"stat.mineBlock.minecraft.log":9,"stat.pickup.midnight.nightshroom":2,"stat.useItem.midnight.nightshroom":1,"stat.flyOneCm":10006,"stat.deaths":2,"stat.pickup.midnight.double_lumen_bud":3,"stat.playOneMinute":11806,"stat.sneakTime":13,"stat.mineBlock.midnight.nightshroom":2,"stat.damageDealt":46,"stat.mineBlock.midnight.viridshroom":2,"stat.pickup.midnight.viridshroom_stem":7,"stat.pickup.zawa.care_guide":1,"stat.timeSinceDeath":4406,"stat.useItem.minecraft.wooden_axe":8,"stat.mineBlock.midnight.double_midnight_grass":1,"stat.diveOneCm":2225}