{"stat.useItem.minecraft.bow":43,"stat.leaveGame":22,"stat.mineBlock.aether_legacy.ambrosium_ore":38,"stat.pickup.tombstone.familiar_stone":3,"stat.mineBlock.minecraft.sandstone":1,"stat.killEntity.PigZombie":1,"stat.pickup.zawa.worm":19,"stat.craftItem.minecraft.shield":8,"stat.mineBlock.minecraft.web":52,"stat.drop.minecraft.iron_sword":1,"stat.pickup.minecraft.rotten_flesh":93,"stat.craftItem.minecraft.stone_axe":1,"stat.killEntity.Enderman":1,"stat.pickup.minecraft.leather_boots":1,"stat.pickup.minecraft.brown_mushroom":3,"stat.killEntity.Witch":1,"stat.craftItem.aether_legacy.gravitite_gloves":1,"stat.useItem.minecraft.iron_pickaxe":1885,"stat.craftItem.minecraft.wooden_pickaxe":1,"stat.killEntity.midnight.rifter":2,"stat.pickup.aether_legacy.flaming_sword":2,"stat.drop.minecraft.diamond_chestplate":1,"stat.furnaceInteraction":193,"stat.useItem.minecraft.golden_carrot":22,"stat.pickup.aether_legacy.enchanter":4,"stat.killEntity.ZombieVillager":1,"stat.pickup.aether_legacy.notch_hammer":1,"stat.mineBlock.aether_legacy.berry_bush":66,"stat.craftItem.minecraft.leather_helmet":1,"stat.useItem.aether_legacy.zanite_shovel":8,"stat.drop.aether_legacy.blue_berry":1,"stat.pickup.minecraft.leather_helmet":4,"stat.pickup.aether_legacy.zanite_shovel":1,"stat.useItem.aether_legacy.zanite_sword":12,"stat.pickup.xlfoodmod.salt":70,"stat.pickup.securitycraft.universal_block_reinforcer_lvl1":2,"stat.useItem.minecraft.dye":115,"stat.drop.aether_legacy.gummy_swet":1,"stat.deaths":10,"stat.pickup.minecraft.egg":2,"stat.useItem.aether_legacy.mossy_holystone":2,"stat.craftItem.minecraft.iron_pickaxe":6,"stat.pickup.zawa.care_guide":1,"stat.drop.minecraft.torch":17,"stat.drop.aether_legacy.lightning_knife":1,"stat.mineBlock.minecraft.tallgrass":14,"stat.pickup.midnight.double_nightshroom":2,"stat.chestOpened":262,"stat.useItem.minecraft.stone":9,"stat.pickup.minecraft.arrow":62,"stat.pickup.minecraft.iron_sword":3,"stat.killEntity.Ghast":2,"stat.craftItem.minecraft.quartz_block":8,"stat.pickup.minecraft.gold_nugget":1,"stat.useItem.aether_legacy.dungeon_block":15,"stat.craftItem.minecraft.coal":11,"stat.drop.minecraft.iron_pickaxe":1,"stat.pickup.minecraft.carrot":551,"stat.pickup.aether_legacy.gravitite_ore":8,"stat.crouchOneCm":73596,"stat.mineBlock.minecraft.chest":4,"stat.pickup.minecraft.rail":13,"stat.craftItem.minecraft.iron_ingot":364,"stat.craftingTableInteraction":59,"stat.useItem.aether_legacy.holystone":22,"stat.craftItem.aether_legacy.enchanter":1,"stat.mineBlock.aether_legacy.mossy_holystone":9,"stat.useItem.minecraft.reeds":2,"stat.pickup.minecraft.dye":96,"stat.pickup.minecraft.planks":34,"stat.pickup.chisel.limestone2":13,"stat.pickup.minecraft.wheat_seeds":46,"stat.pickup.chisel.cobblestone":2,"stat.drop.aether_legacy.enchanter":1,"stat.mineBlock.aether_legacy.aether_dirt":23,"stat.killEntity.cockatrice":3,"stat.drop.tombstone.voodoo_poppet":1,"stat.mineBlock.minecraft.dirt":866,"stat.pickup.tombstone.voodoo_poppet":1,"stat.pickup.aether_legacy.ambrosium_torch":5,"stat.pickup.minecraft.poisonous_potato":2,"stat.useItem.minecraft.bread":5,"stat.drop.aether_legacy.ambrosium_torch":1,"stat.drop.minecraft.rotten_flesh":1,"stat.useItem.minecraft.cobblestone":575,"stat.useItem.minecraft.gravel":1,"stat.mineBlock.minecraft.double_plant":1,"stat.pickup.aether_legacy.lightning_knife":3,"stat.pickup.toolbelt.belt":1,"stat.craftItem.tombstone.dust_of_vanishing":1,"stat.pickup.minecraft.iron_pickaxe":3,"stat.craftItem.minecraft.gold_ingot":63,"stat.useItem.tombstone.ankh_of_pray":3,"stat.pickup.minecraft.chicken":1,"stat.useItem.aether_legacy.flaming_sword":163,"stat.pickup.minecraft.apple":3,"stat.craftItem.minecraft.bucket":2,"stat.craftItem.minecraft.planks":768,"stat.useItem.minecraft.iron_sword":442,"stat.pickup.minecraft.book":21,"stat.mineBlock.minecraft.log":116,"stat.craftItem.minecraft.wooden_door":3,"stat.drop.aether_legacy.zanite_sword":1,"stat.useItem.carryon.entity_item":23,"stat.useItem.minecraft.wooden_door":1,"stat.useItem.aether_legacy.zanite_pickaxe":508,"stat.useItem.minecraft.spruce_door":4,"stat.drop.minecraft.leather_leggings":1,"stat.drop.aether_legacy.zanite_gloves":2,"stat.pickup.minecraft.wool":3,"stat.drop.tombstone.familiar_stone":1,"stat.pickup.midnight.viridshroom_stem":6,"stat.craftItem.minecraft.spruce_door":6,"stat.mineBlock.midnight.double_nightshroom":2,"stat.useItem.minecraft.iron_axe":127,"stat.drop.minecraft.stone_shovel":1,"stat.mineBlock.minecraft.cobblestone":250,"stat.pickup.minecraft.flint":2,"stat.mineBlock.minecraft.yellow_flower":1,"stat.pickup.aether_legacy.holystone":371,"stat.pickup.aether_legacy.zanite_pickaxe":1,"stat.craftItem.minecraft.wool":6,"stat.pickup.aether_legacy.zanite_gloves":1,"stat.pickup.minecraft.enchanted_book":2,"stat.pickup.minecraft.cooked_porkchop":6,"stat.killEntity.sentry":10,"stat.useItem.minecraft.stone_slab2":142,"stat.pickup.minecraft.bow":7,"stat.pickup.minecraft.iron_boots":2,"stat.pickup.minecraft.diamond_horse_armor":1,"stat.mineBlock.chisel.cobblestone":2,"stat.craftItem.minecraft.furnace":5,"stat.useItem.minecraft.egg":2,"stat.craftItem.minecraft.iron_boots":2,"stat.craftItem.minecraft.spruce_boat":4,"stat.pickup.minecraft.coal_ore":33,"stat.craftItem.minecraft.cooked_beef":14,"stat.pickup.aether_legacy.aether_dirt":49,"stat.craftItem.minecraft.bow":2,"stat.flyOneCm":1923336,"stat.pickup.minecraft.sandstone":1,"stat.timeSinceDeath":115487,"stat.pickup.travelersbackpack.travelers_backpack":5,"stat.useItem.minecraft.potato":70,"stat.useItem.aether_legacy.healing_stone":1,"stat.pickup.minecraft.spruce_fence":1,"stat.mineBlock.minecraft.coal_ore":398,"stat.drop.minecraft.wool":1,"stat.killEntity.Creeper":1,"stat.craftItem.minecraft.stone_hoe":2,"stat.talkedToVillager":5,"stat.pickup.minecraft.string":72,"stat.pickup.tombstone.crafting_ingredient":28,"stat.entityKilledBy.Skeleton":3,"stat.mineBlock.midnight.viridshroom_stem":6,"stat.sprintOneCm":3050620,"stat.useItem.tombstone.magic_scroll":1,"stat.useItem.minecraft.snowball":88,"stat.pickup.minecraft.leather_leggings":2,"stat.pickup.aether_legacy.healing_stone":3,"stat.pickup.minecraft.sugar":1,"stat.craftItem.aether_legacy.zanite_pickaxe":1,"stat.drop.tombstone.grave_key":1,"stat.mineBlock.aether_legacy.aether_log":5,"stat.pickup.tombstone.grave_key":1,"stat.killEntity.Zombie":60,"stat.craftItem.minecraft.dye":137,"stat.pickup.minecraft.snowball":202,"stat.pickup.aether_legacy.skyroot_stick":1,"stat.mineBlock.xlfoodmod.rock_salt":2,"stat.mineBlock.minecraft.gold_ore":15,"stat.diveOneCm":107462,"stat.drop.minecraft.diamond_pickaxe":3,"stat.pickup.minecraft.wheat":16,"stat.craftItem.minecraft.cooked_porkchop":10,"stat.pickup.minecraft.stone_axe":1,"stat.drop.aether_legacy.notch_hammer":1,"stat.pickup.minecraft.obsidian":8,"stat.useItem.minecraft.rotten_flesh":5,"stat.pickup.aether_legacy.dungeon_block":58,"stat.useItem.midnight.double_nightshroom":1,"stat.jump":13537,"stat.pickup.minecraft.coal":521,"stat.pickup.minecraft.iron_ingot":34,"stat.pickup.minecraft.gunpowder":2,"stat.craftItem.minecraft.torch":344,"stat.pickup.minecraft.dirt":1029,"stat.useItem.minecraft.coal_ore":32,"stat.drop.minecraft.iron_shovel":1,"stat.pickup.minecraft.stone_shovel":1,"stat.useItem.minecraft.sapling":8,"stat.pickup.minecraft.gold_ore":15,"stat.mineBlock.minecraft.lapis_ore":10,"stat.pickup.minecraft.iron_axe":3,"stat.brewingstandInteraction":4,"stat.damageTaken":20035,"stat.mineBlock.minecraft.torch":59,"stat.mineBlock.minecraft.red_flower":2,"stat.mineBlock.minecraft.sapling":1,"stat.craftItem.aether_legacy.skyroot_plank":8,"stat.useItem.aether_legacy.notch_hammer":1,"stat.pickup.minecraft.bed":1,"stat.pickup.minecraft.potato":128,"stat.mineBlock.minecraft.fence_gate":1,"stat.entityKilledBy.Zombie":3,"stat.mineBlock.aether_legacy.holystone":334,"stat.pickup.aether_legacy.valkyrie_lance":1,"stat.useItem.minecraft.chest":2,"stat.craftItem.aether_legacy.zanite_boots":1,"stat.pickup.minecraft.diamond_pickaxe":3,"stat.useItem.minecraft.lava_bucket":48,"stat.drop.minecraft.netherrack":4,"stat.useItem.tombstone.gift":3,"stat.pickup.aether_legacy.aether_log":2,"stat.craftItem.minecraft.iron_chestplate":1,"stat.pickup.minecraft.baked_potato":3,"stat.pickup.minecraft.ender_pearl":1,"stat.useItem.minecraft.netherrack":102,"stat.mineBlock.aether_legacy.aether_grass":7,"stat.craftItem.travelersbackpack.sleeping_bag_bottom":1,"stat.pickup.aether_legacy.icestone":23,"stat.mineBlock.minecraft.glowstone":8,"stat.mobKills":174,"stat.mineBlock.minecraft.bookshelf":7,"stat.craftItem.minecraft.shears":1,"stat.pickup.minecraft.diamond":1,"stat.pickup.minecraft.beetroot_seeds":151,"stat.pickup.minecraft.iron_horse_armor":1,"stat.pickup.minecraft.torch":168,"stat.pickup.minecraft.spruce_boat":5,"stat.craftItem.minecraft.spruce_stairs":16,"stat.pickup.aether_legacy.zanite_gemstone":10,"stat.craftItem.minecraft.iron_axe":2,"stat.useItem.minecraft.poisonous_potato":1,"stat.useItem.minecraft.planks":505,"stat.pickup.minecraft.glowstone_dust":21,"stat.pickup.minecraft.porkchop":20,"stat.craftItem.xlfoodmod.flesh":78,"stat.useItem.minecraft.water_bucket":70,"stat.drop.travelersbackpack.travelers_backpack":2,"stat.mineBlock.aether_legacy.dungeon_block":34,"stat.pickup.minecraft.sand":23,"stat.mineBlock.aether_legacy.gravitite_ore":8,"stat.pickup.aether_legacy.skyroot_plank":24,"stat.craftItem.minecraft.stone_sword":2,"stat.mineBlock.minecraft.snow_layer":66,"stat.mineBlock.aether_legacy.ambrosium_torch":4,"stat.useItem.minecraft.ender_pearl":1,"stat.mineBlock.minecraft.sand":24,"stat.drop.minecraft.diamond":2,"stat.pickup.aether_legacy.aerogel":1,"stat.craftItem.minecraft.golden_carrot":17,"stat.pickup.minecraft.fence_gate":1,"stat.pickup.minecraft.furnace":7,"stat.pickup.aether_legacy.zanite_sword":1,"stat.mineBlock.aether_legacy.aether_leaves":3,"stat.pickup.aether_legacy.ambrosium_shard":44,"stat.craftItem.travelersbackpack.travelers_backpack":2,"stat.pickup.minecraft.iron_chestplate":2,"stat.pickup.tombstone.magic_scroll":5,"stat.pickup.minecraft.saddle":6,"stat.craftItem.minecraft.heavy_weighted_pressure_plate":1,"stat.playOneMinute":1092384,"stat.drop.minecraft.string":1,"stat.craftItem.aether_legacy.zanite_gloves":1,"stat.drop.securitycraft.universal_block_reinforcer_lvl1":1,"stat.craftItem.securitycraft.keypad_item":1,"tombstone:pray_on_grave":1,"stat.pickup.minecraft.netherrack":307,"stat.mineBlock.minecraft.netherrack":328,"stat.mineBlock.minecraft.ice":6,"stat.pickup.minecraft.detector_rail":1,"stat.drop.xlfoodmod.salt":6,"stat.pickup.tombstone.tablet_of_cupidity":1,"stat.fallOneCm":290862,"stat.drop.minecraft.stone":21,"stat.pickup.minecraft.melon_seeds":6,"stat.craftItem.aether_legacy.skyroot_stick":24,"stat.craftItem.minecraft.chest":2,"stat.pickup.minecraft.golden_leggings":1,"stat.mineBlock.aether_legacy.icestone":22,"stat.pickup.minecraft.feather":15,"stat.useItem.minecraft.furnace":7,"stat.killEntity.Llama":11,"stat.pickup.minecraft.iron_leggings":2,"stat.mineBlock.minecraft.gravel":21,"stat.useItem.minecraft.stone_pickaxe":132,"stat.useItem.minecraft.stone_sword":145,"stat.craftItem.minecraft.iron_leggings":4,"stat.drop.minecraft.reeds":6,"stat.pickup.minecraft.chainmail_boots":1,"stat.drop.minecraft.stick":12,"stat.drop.minecraft.iron_axe":1,"stat.useItem.minecraft.torch":394,"stat.pickup.minecraft.golden_apple":1,"stat.drop.tombstone.crafting_ingredient":14,"stat.pickup.minecraft.crafting_table":3,"stat.useItem.minecraft.log":202,"stat.craftItem.minecraft.crafting_table":4,"stat.useItem.xlfoodmod.flesh":50,"stat.pickup.minecraft.log":837,"stat.pickup.minecraft.sapling":35,"stat.pickup.aether_legacy.dungeon_key":2,"stat.pickup.minecraft.beetroot":83,"stat.craftItem.toolbelt.belt":1,"stat.craftItem.minecraft.snow":1,"stat.pickup.minecraft.diamond_helmet":1,"stat.craftItem.minecraft.cooked_chicken":1,"stat.useItem.minecraft.stone_hoe":42,"stat.useItem.aether_legacy.aether_dirt":4,"stat.useItem.minecraft.beetroot_seeds":88,"stat.sneakTime":22020,"stat.useItem.minecraft.baked_potato":32,"stat.useItem.minecraft.beetroot":81,"stat.pickup.minecraft.chest":9,"stat.pickup.minecraft.bone":46,"stat.horseOneCm":658,"stat.drop.minecraft.beetroot":1,"stat.drop.aether_legacy.holystone":6,"stat.swimOneCm":127645,"stat.climbOneCm":1999,"stat.killEntity.mimic":4,"stat.mineBlock.minecraft.spruce_stairs":3,"stat.useItem.minecraft.dirt":1005,"stat.pickup.minecraft.golden_helmet":2,"stat.craftItem.minecraft.stone_pickaxe":1,"stat.pickup.minecraft.cobblestone":775,"stat.pickup.aether_legacy.mossy_holystone":12,"stat.useItem.minecraft.stone_shovel":800,"stat.mineBlock.chisel.limestone2":5,"stat.useItem.chisel.cobblestone":225,"stat.useItem.chisel.limestone2":5,"stat.pickup.aether_legacy.blue_berry":143,"stat.useItem.aether_legacy.gummy_swet":4,"stat.pickup.minecraft.redstone":177,"stat.pickup.aether_legacy.gummy_swet":7,"stat.mineBlock.minecraft.iron_ore":291,"stat.useItem.aether_legacy.blue_berry":83,"stat.drop.minecraft.log":8,"stat.drop.minecraft.coal":1,"stat.craftItem.securitycraft.taser":1,"stat.drop.minecraft.dirt":3,"stat.useItem.minecraft.cooked_porkchop":10,"stat.pickup.minecraft.iron_shovel":1,"stat.drop.minecraft.beetroot_seeds":1,"stat.drop.aether_legacy.agility_cape":1,"stat.craftItem.minecraft.stick":176,"stat.craftItem.minecraft.stone":8,"stat.craftItem.minecraft.gold_nugget":45,"stat.drop.tombstone.ankh_of_pray":1,"stat.pickup.minecraft.grass":1,"stat.mineBlock.minecraft.crafting_table":2,"stat.useItem.minecraft.carrot":408,"stat.pickup.minecraft.golden_horse_armor":1,"stat.useItem.aether_legacy.ambrosium_torch":35,"stat.pickup.minecraft.diamond_chestplate":1,"stat.drop.minecraft.golden_apple":1,"stat.entityKilledBy.Creeper":1,"stat.mineBlock.minecraft.planks":22,"stat.drop":138,"stat.mineBlock.aether_legacy.zanite_ore":5,"stat.drop.aether_legacy.dart":1,"stat.drop.securitycraft.taser":1,"stat.pickup.minecraft.golden_chestplate":1,"stat.craftItem.securitycraft.keypad_chest":1,"stat.pickup.securitycraft.taser":2,"stat.craftItem.aether_legacy.ambrosium_torch":92,"stat.pickup.minecraft.gravel":24,"stat.useItem.minecraft.apple":3,"stat.useItem.minecraft.porkchop":4,"stat.craftItem.travelersbackpack.backpack_tank":2,"stat.pickup.minecraft.fence":4,"stat.pickup.minecraft.iron_helmet":3,"stat.useItem.minecraft.stone_axe":137,"stat.craftItem.minecraft.bread":4,"stat.useItem.aether_legacy.gravitite_ore":2,"stat.pickup.minecraft.spider_eye":8,"stat.craftItem.minecraft.iron_helmet":5,"stat.useItem.minecraft.cooked_chicken":1,"stat.pickup.minecraft.iron_ore":363,"stat.pickup.aether_legacy.berry_bush_stem":1,"stat.boatOneCm":225569,"stat.craftItem.minecraft.flint_and_steel":1,"stat.pickup.aether_legacy.skyroot_bucket":2,"stat.drop.zawa.worm":2,"stat.pickup.minecraft.leather":19,"stat.mineBlock.minecraft.furnace":7,"stat.useItem.minecraft.wooden_pickaxe":10,"stat.pickup.minecraft.reeds":15,"tombstone:undead_killed":99,"stat.damageDealt":36507,"stat.sleepInBed":3,"stat.craftItem.minecraft.baked_potato":29,"stat.killEntity.Pig":13,"stat.craftItem.minecraft.iron_sword":2,"stat.craftItem.minecraft.stone_shovel":5,"stat.pickup.minecraft.boat":1,"stat.walkOneCm":3239084,"stat.pickup.minecraft.stick":5,"stat.pickup.tombstone.ankh_of_pray":1,"stat.useItem.minecraft.spruce_boat":8,"stat.pickup.minecraft.stone":84,"stat.useItem.minecraft.spruce_stairs":15,"stat.mineBlock.midnight.double_viridshroom":1,"stat.mineBlock.minecraft.wool":3,"stat.pickup.minecraft.gold_ingot":1,"stat.killEntity.Skeleton":37,"stat.killEntity.Chicken":2,"stat.drop.minecraft.crafting_table":1,"stat.pickup.xlfoodmod.flesh":6,"stat.killEntity.Spider":15,"stat.mineBlock.minecraft.quartz_ore":32,"stat.pickup.minecraft.quartz":32,"stat.useItem.minecraft.golden_apple":1,"stat.pickup.minecraft.water_bucket":2,"stat.mineBlock.minecraft.leaves":145,"stat.pickup.minecraft.spruce_stairs":3,"stat.mineBlock.minecraft.redstone_ore":25,"stat.pickup.minecraft.lava_bucket":1,"stat.useItem.aether_legacy.valkyrie_lance":21,"stat.mineBlock.minecraft.stone":532}