{"stat.mineBlock.midnight.double_nightshroom":2,"stat.pickup.minecraft.bone":6,"stat.drop.minecraft.beetroot":1,"stat.leaveGame":4,"stat.swimOneCm":17566,"stat.climbOneCm":740,"stat.craftItem.minecraft.shield":1,"stat.pickup.minecraft.porkchop":14,"stat.useItem.minecraft.dirt":87,"stat.useItem.minecraft.stone_slab2":21,"stat.pickup.minecraft.bow":1,"stat.useItem.minecraft.water_bucket":1,"stat.pickup.minecraft.rotten_flesh":9,"stat.craftItem.minecraft.stone_axe":1,"stat.craftItem.minecraft.stone_pickaxe":1,"stat.pickup.minecraft.cobblestone":38,"stat.craftItem.minecraft.stone_sword":1,"stat.flyOneCm":188023,"stat.pickup.minecraft.brown_mushroom":2,"stat.killEntity.Witch":1,"stat.mineBlock.minecraft.iron_ore":22,"stat.timeSinceDeath":25271,"stat.craftItem.minecraft.wooden_pickaxe":1,"stat.useItem.minecraft.potato":41,"stat.furnaceInteraction":19,"stat.useItem.minecraft.cooked_porkchop":10,"stat.drop.minecraft.beetroot_seeds":1,"stat.mineBlock.minecraft.coal_ore":30,"stat.craftItem.minecraft.stone_hoe":1,"stat.pickup.minecraft.string":1,"stat.pickup.tombstone.crafting_ingredient":2,"stat.entityKilledBy.Skeleton":1,"stat.mineBlock.midnight.viridshroom_stem":6,"stat.sprintOneCm":355482,"stat.craftItem.minecraft.stick":24,"stat.pickup.tombstone.magic_scroll":1,"stat.mineBlock.minecraft.crafting_table":1,"stat.useItem.minecraft.carrot":19,"stat.useItem.minecraft.dye":7,"stat.pickup.minecraft.sugar":1,"stat.deaths":2,"stat.mineBlock.minecraft.planks":1,"stat.drop":3,"stat.playOneMinute":165640,"stat.killEntity.Zombie":9,"stat.pickup.zawa.care_guide":1,"stat.craftItem.minecraft.dye":9,"stat.mineBlock.minecraft.tallgrass":2,"stat.diveOneCm":29335,"stat.pickup.minecraft.wheat":12,"stat.pickup.midnight.double_nightshroom":2,"stat.chestOpened":32,"stat.pickup.minecraft.arrow":8,"stat.craftItem.minecraft.cooked_porkchop":10,"stat.pickup.minecraft.stone_axe":1,"stat.useItem.minecraft.apple":3,"stat.useItem.minecraft.porkchop":4,"stat.craftItem.minecraft.coal":11,"stat.useItem.minecraft.rotten_flesh":5,"stat.useItem.midnight.double_nightshroom":1,"stat.jump":1837,"stat.pickup.minecraft.coal":31,"stat.fallOneCm":32273,"stat.pickup.minecraft.carrot":28,"stat.useItem.minecraft.stone_axe":119,"stat.pickup.minecraft.gunpowder":1,"stat.craftItem.minecraft.bread":4,"stat.crouchOneCm":1441,"stat.pickup.minecraft.spider_eye":3,"stat.craftItem.minecraft.torch":48,"stat.craftItem.minecraft.iron_ingot":14,"stat.pickup.minecraft.dirt":97,"stat.craftingTableInteraction":16,"stat.pickup.minecraft.iron_ore":21,"stat.useItem.minecraft.sapling":8,"stat.damageTaken":2698,"stat.mineBlock.minecraft.torch":1,"stat.useItem.minecraft.wooden_pickaxe":10,"stat.mineBlock.minecraft.sapling":1,"stat.pickup.minecraft.planks":1,"stat.killEntity.Llama":1,"tombstone:undead_killed":15,"stat.pickup.minecraft.wheat_seeds":28,"stat.pickup.minecraft.potato":41,"stat.entityKilledBy.Zombie":1,"stat.useItem.minecraft.stone_pickaxe":81,"stat.useItem.minecraft.stone_sword":131,"stat.damageDealt":5567,"stat.mineBlock.minecraft.dirt":36,"stat.killEntity.Pig":8,"stat.craftItem.minecraft.iron_sword":1,"stat.walkOneCm":415764,"stat.useItem.minecraft.torch":31,"stat.useItem.minecraft.bread":1,"stat.pickup.minecraft.crafting_table":2,"stat.useItem.minecraft.log":2,"stat.craftItem.minecraft.crafting_table":1,"stat.mineBlock.minecraft.double_plant":1,"stat.useItem.minecraft.lava_bucket":8,"stat.pickup.minecraft.log":113,"stat.useItem.tombstone.gift":2,"stat.mineBlock.midnight.double_viridshroom":1,"stat.craftItem.minecraft.iron_chestplate":1,"stat.pickup.minecraft.sapling":14,"stat.pickup.minecraft.apple":3,"stat.killEntity.Skeleton":6,"stat.pickup.minecraft.beetroot":59,"stat.craftItem.minecraft.bucket":1,"stat.craftItem.minecraft.planks":104,"stat.useItem.minecraft.iron_sword":54,"stat.drop.minecraft.crafting_table":1,"stat.killEntity.Spider":2,"stat.mobKills":28,"stat.mineBlock.minecraft.log":99,"stat.craftItem.minecraft.wooden_door":3,"stat.useItem.minecraft.stone_hoe":3,"stat.useItem.minecraft.wooden_door":1,"stat.mineBlock.minecraft.leaves":108,"stat.pickup.minecraft.beetroot_seeds":110,"stat.pickup.minecraft.torch":4,"stat.useItem.minecraft.beetroot_seeds":88,"stat.sneakTime":478,"stat.pickup.midnight.viridshroom_stem":6,"stat.mineBlock.minecraft.stone":38,"stat.useItem.minecraft.beetroot":36}