{"stat.useItem.minecraft.bow":14,"stat.leaveGame":7,"stat.craftItem.minecraft.iron_axe":1,"stat.mineBlock.minecraft.sandstone":1,"stat.pickup.zawa.worm":16,"stat.craftItem.minecraft.shield":4,"stat.useItem.minecraft.planks":20,"stat.pickup.minecraft.porkchop":14,"stat.craftItem.xlfoodmod.flesh":23,"stat.useItem.minecraft.water_bucket":27,"stat.drop.minecraft.iron_sword":1,"stat.pickup.minecraft.rotten_flesh":31,"stat.pickup.minecraft.sand":22,"stat.craftItem.minecraft.stone_axe":1,"stat.craftItem.minecraft.stone_sword":1,"stat.mineBlock.minecraft.snow_layer":66,"stat.pickup.minecraft.brown_mushroom":2,"stat.mineBlock.minecraft.sand":24,"stat.killEntity.Witch":1,"stat.useItem.minecraft.iron_pickaxe":278,"stat.craftItem.minecraft.wooden_pickaxe":1,"stat.furnaceInteraction":47,"stat.killEntity.ZombieVillager":1,"stat.mineBlock.aether_legacy.berry_bush":14,"stat.drop.aether_legacy.blue_berry":1,"stat.pickup.tombstone.magic_scroll":2,"stat.useItem.minecraft.dye":69,"stat.deaths":6,"stat.playOneMinute":356921,"stat.craftItem.minecraft.iron_pickaxe":2,"stat.pickup.zawa.care_guide":1,"stat.mineBlock.minecraft.tallgrass":9,"stat.pickup.midnight.double_nightshroom":2,"stat.chestOpened":107,"stat.pickup.minecraft.arrow":18,"stat.pickup.minecraft.iron_sword":1,"stat.mineBlock.minecraft.ice":1,"stat.craftItem.minecraft.coal":11,"stat.fallOneCm":99079,"stat.pickup.minecraft.carrot":131,"stat.crouchOneCm":18428,"stat.craftItem.minecraft.iron_ingot":55,"stat.craftingTableInteraction":33,"stat.useItem.minecraft.reeds":2,"stat.useItem.minecraft.furnace":1,"stat.pickup.minecraft.planks":19,"stat.killEntity.Llama":2,"stat.pickup.minecraft.wheat_seeds":34,"stat.useItem.minecraft.stone_pickaxe":132,"stat.useItem.minecraft.stone_sword":131,"stat.craftItem.minecraft.iron_leggings":1,"stat.mineBlock.minecraft.dirt":791,"stat.pickup.minecraft.chainmail_boots":1,"stat.useItem.minecraft.torch":86,"stat.useItem.minecraft.bread":1,"stat.drop.minecraft.rotten_flesh":1,"stat.pickup.minecraft.crafting_table":2,"stat.useItem.minecraft.log":13,"stat.useItem.minecraft.cobblestone":55,"stat.craftItem.minecraft.crafting_table":2,"stat.mineBlock.minecraft.double_plant":1,"stat.useItem.xlfoodmod.flesh":16,"stat.pickup.minecraft.log":411,"stat.pickup.minecraft.sapling":20,"stat.pickup.minecraft.apple":3,"stat.pickup.minecraft.beetroot":71,"stat.craftItem.minecraft.bucket":2,"stat.craftItem.minecraft.planks":128,"stat.useItem.minecraft.iron_sword":201,"stat.mineBlock.minecraft.log":105,"stat.craftItem.minecraft.wooden_door":3,"stat.useItem.minecraft.stone_hoe":12,"stat.useItem.minecraft.wooden_door":1,"stat.useItem.minecraft.beetroot_seeds":88,"stat.sneakTime":5458,"stat.pickup.minecraft.wool":1,"stat.drop.tombstone.familiar_stone":1,"stat.pickup.midnight.viridshroom_stem":6,"stat.useItem.minecraft.baked_potato":1,"stat.useItem.minecraft.beetroot":69,"stat.mineBlock.midnight.double_nightshroom":2,"stat.pickup.minecraft.bone":23,"stat.horseOneCm":658,"stat.drop.minecraft.beetroot":1,"stat.useItem.minecraft.iron_axe":46,"stat.drop.minecraft.stone_shovel":1,"stat.mineBlock.minecraft.cobblestone":1,"stat.mineBlock.minecraft.yellow_flower":1,"stat.craftItem.minecraft.wool":1,"stat.swimOneCm":43861,"stat.climbOneCm":740,"stat.useItem.minecraft.dirt":931,"stat.useItem.minecraft.stone_slab2":52,"stat.pickup.minecraft.bow":1,"stat.craftItem.minecraft.iron_boots":1,"stat.craftItem.minecraft.spruce_boat":1,"stat.craftItem.minecraft.stone_pickaxe":1,"stat.pickup.minecraft.cobblestone":279,"stat.useItem.minecraft.stone_shovel":800,"stat.flyOneCm":612364,"stat.pickup.minecraft.sandstone":1,"stat.pickup.aether_legacy.blue_berry":18,"stat.mineBlock.minecraft.iron_ore":61,"stat.timeSinceDeath":8800,"stat.useItem.aether_legacy.blue_berry":17,"stat.drop.minecraft.log":8,"stat.useItem.minecraft.potato":41,"stat.pickup.minecraft.spruce_fence":1,"stat.useItem.minecraft.cooked_porkchop":10,"stat.drop.minecraft.beetroot_seeds":1,"stat.mineBlock.minecraft.coal_ore":67,"stat.drop.minecraft.wool":1,"stat.killEntity.Creeper":1,"stat.craftItem.minecraft.stone_hoe":1,"stat.pickup.minecraft.string":3,"stat.pickup.tombstone.crafting_ingredient":4,"stat.entityKilledBy.Skeleton":2,"stat.mineBlock.midnight.viridshroom_stem":6,"stat.sprintOneCm":884220,"stat.craftItem.minecraft.stick":92,"stat.useItem.minecraft.snowball":32,"stat.mineBlock.minecraft.crafting_table":1,"stat.useItem.minecraft.carrot":119,"stat.entityKilledBy.Creeper":1,"stat.pickup.minecraft.sugar":1,"stat.mineBlock.minecraft.planks":9,"stat.drop":18,"stat.drop.tombstone.grave_key":1,"stat.mineBlock.aether_legacy.aether_log":4,"stat.pickup.tombstone.grave_key":1,"stat.killEntity.Zombie":29,"stat.craftItem.minecraft.dye":69,"stat.pickup.minecraft.snowball":166,"stat.diveOneCm":56066,"stat.pickup.minecraft.wheat":13,"stat.craftItem.minecraft.cooked_porkchop":10,"stat.pickup.minecraft.stone_axe":1,"stat.useItem.minecraft.apple":3,"stat.useItem.minecraft.porkchop":4,"stat.useItem.minecraft.rotten_flesh":5,"stat.useItem.midnight.double_nightshroom":1,"stat.jump":5187,"stat.pickup.minecraft.coal":68,"stat.useItem.minecraft.stone_axe":137,"stat.pickup.minecraft.gunpowder":1,"stat.craftItem.minecraft.bread":4,"stat.pickup.minecraft.spider_eye":4,"stat.craftItem.minecraft.torch":196,"stat.pickup.minecraft.dirt":879,"stat.craftItem.minecraft.iron_helmet":1,"stat.pickup.minecraft.iron_ore":61,"stat.pickup.aether_legacy.berry_bush_stem":1,"stat.pickup.minecraft.stone_shovel":1,"stat.boatOneCm":55145,"stat.useItem.minecraft.sapling":8,"stat.damageTaken":6425,"stat.pickup.minecraft.leather":1,"stat.mineBlock.minecraft.torch":6,"stat.mineBlock.minecraft.red_flower":2,"stat.useItem.minecraft.wooden_pickaxe":10,"stat.mineBlock.minecraft.sapling":1,"stat.pickup.minecraft.reeds":3,"tombstone:undead_killed":42,"stat.pickup.minecraft.potato":42,"stat.entityKilledBy.Zombie":1,"stat.damageDealt":11527,"stat.craftItem.minecraft.baked_potato":1,"stat.killEntity.Pig":8,"stat.craftItem.minecraft.iron_sword":1,"stat.craftItem.minecraft.stone_shovel":5,"stat.walkOneCm":1049420,"stat.useItem.minecraft.lava_bucket":12,"stat.useItem.minecraft.spruce_boat":1,"stat.useItem.tombstone.gift":2,"stat.pickup.aether_legacy.aether_log":2,"stat.pickup.minecraft.stone":1,"stat.mineBlock.midnight.double_viridshroom":1,"stat.craftItem.minecraft.iron_chestplate":1,"stat.mineBlock.minecraft.wool":1,"stat.mineBlock.aether_legacy.aether_grass":1,"stat.killEntity.Skeleton":12,"stat.killEntity.Chicken":1,"stat.drop.minecraft.crafting_table":1,"stat.killEntity.Spider":4,"stat.mobKills":60,"stat.mineBlock.minecraft.leaves":122,"stat.pickup.minecraft.beetroot_seeds":126,"stat.pickup.minecraft.torch":16,"stat.mineBlock.minecraft.stone":278}