{"stat.mineBlock.midnight.double_nightshroom":2,"stat.pickup.midnight.double_nightshroom":2,"stat.chestOpened":9,"stat.pickup.minecraft.bone":1,"stat.leaveGame":3,"stat.pickup.minecraft.arrow":2,"stat.craftItem.minecraft.cooked_porkchop":10,"stat.pickup.minecraft.stone_axe":1,"stat.useItem.minecraft.apple":2,"stat.useItem.minecraft.porkchop":4,"stat.craftItem.minecraft.coal":11,"stat.useItem.minecraft.rotten_flesh":5,"stat.useItem.midnight.double_nightshroom":1,"stat.jump":1131,"stat.swimOneCm":12224,"stat.pickup.minecraft.coal":30,"stat.fallOneCm":22262,"stat.climbOneCm":740,"stat.craftItem.minecraft.shield":1,"stat.pickup.minecraft.carrot":5,"stat.useItem.minecraft.stone_axe":22,"stat.pickup.minecraft.porkchop":14,"stat.pickup.minecraft.gunpowder":1,"stat.pickup.minecraft.spider_eye":1,"stat.craftItem.minecraft.torch":36,"stat.craftItem.minecraft.iron_ingot":14,"stat.pickup.minecraft.dirt":30,"stat.useItem.minecraft.dirt":6,"stat.useItem.minecraft.stone_slab2":8,"stat.craftingTableInteraction":6,"stat.pickup.minecraft.iron_ore":14,"stat.pickup.minecraft.rotten_flesh":5,"stat.useItem.minecraft.sapling":8,"stat.craftItem.minecraft.stone_axe":1,"stat.damageTaken":1523,"stat.craftItem.minecraft.stone_pickaxe":1,"stat.useItem.minecraft.wooden_pickaxe":10,"stat.pickup.minecraft.cobblestone":20,"stat.mineBlock.minecraft.sapling":1,"stat.killEntity.Llama":1,"stat.craftItem.minecraft.stone_sword":1,"stat.flyOneCm":115480,"tombstone:undead_killed":6,"stat.pickup.minecraft.brown_mushroom":2,"stat.pickup.minecraft.potato":41,"stat.killEntity.Witch":1,"stat.useItem.minecraft.stone_pickaxe":54,"stat.useItem.minecraft.stone_sword":126,"stat.damageDealt":3434,"stat.mineBlock.minecraft.iron_ore":14,"stat.timeSinceDeath":81699,"stat.mineBlock.minecraft.dirt":11,"stat.craftItem.minecraft.wooden_pickaxe":1,"stat.killEntity.Pig":8,"stat.walkOneCm":209669,"stat.useItem.minecraft.torch":2,"stat.useItem.minecraft.potato":41,"stat.pickup.minecraft.crafting_table":1,"stat.furnaceInteraction":15,"stat.craftItem.minecraft.crafting_table":1,"stat.useItem.minecraft.cooked_porkchop":10,"stat.mineBlock.minecraft.double_plant":1,"stat.useItem.minecraft.lava_bucket":4,"stat.mineBlock.minecraft.coal_ore":30,"stat.pickup.minecraft.log":26,"stat.pickup.minecraft.string":1,"stat.pickup.tombstone.crafting_ingredient":1,"stat.mineBlock.midnight.double_viridshroom":1,"stat.craftItem.minecraft.iron_chestplate":1,"stat.mineBlock.midnight.viridshroom_stem":6,"stat.pickup.minecraft.sapling":11,"stat.sprintOneCm":201479,"stat.pickup.minecraft.apple":2,"stat.craftItem.minecraft.stick":16,"stat.killEntity.Skeleton":2,"stat.pickup.minecraft.beetroot":7,"stat.craftItem.minecraft.bucket":1,"stat.craftItem.minecraft.planks":44,"stat.drop.minecraft.crafting_table":1,"stat.killEntity.Spider":2,"stat.useItem.minecraft.carrot":4,"stat.mobKills":18,"stat.mineBlock.minecraft.log":24,"stat.craftItem.minecraft.wooden_door":3,"stat.useItem.minecraft.wooden_door":1,"stat.drop":1,"stat.mineBlock.minecraft.leaves":97,"stat.pickup.minecraft.beetroot_seeds":16,"stat.playOneMinute":81699,"stat.pickup.minecraft.torch":1,"stat.sneakTime":9,"stat.pickup.midnight.viridshroom_stem":6,"stat.killEntity.Zombie":4,"stat.pickup.zawa.care_guide":1,"stat.mineBlock.minecraft.stone":20,"stat.mineBlock.minecraft.tallgrass":2,"stat.diveOneCm":27835,"stat.useItem.minecraft.beetroot":7}