{"stat.mineBlock.midnight.double_nightshroom":2,"stat.pickup.minecraft.bone":12,"stat.drop.minecraft.beetroot":1,"stat.leaveGame":4,"stat.mineBlock.minecraft.sandstone":1,"stat.swimOneCm":25453,"stat.climbOneCm":740,"stat.craftItem.minecraft.shield":3,"stat.useItem.minecraft.planks":20,"stat.pickup.minecraft.porkchop":14,"stat.useItem.minecraft.dirt":110,"stat.useItem.minecraft.stone_slab2":32,"stat.pickup.minecraft.bow":1,"stat.useItem.minecraft.water_bucket":1,"stat.pickup.minecraft.rotten_flesh":11,"stat.pickup.minecraft.sand":1,"stat.craftItem.minecraft.stone_axe":1,"stat.craftItem.minecraft.iron_boots":1,"stat.craftItem.minecraft.stone_pickaxe":1,"stat.pickup.minecraft.cobblestone":78,"stat.craftItem.minecraft.stone_sword":1,"stat.flyOneCm":211477,"stat.pickup.minecraft.sandstone":1,"stat.pickup.minecraft.brown_mushroom":2,"stat.mineBlock.minecraft.sand":1,"stat.killEntity.Witch":1,"stat.mineBlock.minecraft.iron_ore":61,"stat.timeSinceDeath":51371,"stat.useItem.minecraft.iron_pickaxe":57,"stat.craftItem.minecraft.wooden_pickaxe":1,"stat.useItem.minecraft.potato":41,"stat.furnaceInteraction":26,"stat.useItem.minecraft.cooked_porkchop":10,"stat.drop.minecraft.beetroot_seeds":1,"stat.mineBlock.minecraft.coal_ore":59,"stat.craftItem.minecraft.stone_hoe":1,"stat.pickup.minecraft.string":1,"stat.pickup.tombstone.crafting_ingredient":2,"stat.entityKilledBy.Skeleton":1,"stat.mineBlock.midnight.viridshroom_stem":6,"stat.sprintOneCm":419639,"stat.craftItem.minecraft.stick":24,"stat.pickup.tombstone.magic_scroll":1,"stat.mineBlock.minecraft.crafting_table":1,"stat.useItem.minecraft.carrot":53,"stat.useItem.minecraft.dye":26,"stat.pickup.minecraft.sugar":1,"stat.deaths":2,"stat.mineBlock.minecraft.planks":9,"stat.drop":4,"stat.playOneMinute":191740,"stat.craftItem.minecraft.iron_pickaxe":1,"stat.killEntity.Zombie":12,"stat.pickup.zawa.care_guide":1,"stat.craftItem.minecraft.dye":30,"stat.mineBlock.minecraft.tallgrass":2,"stat.diveOneCm":33485,"stat.pickup.minecraft.wheat":13,"stat.pickup.midnight.double_nightshroom":2,"stat.chestOpened":40,"stat.pickup.minecraft.arrow":11,"stat.craftItem.minecraft.cooked_porkchop":10,"stat.pickup.minecraft.stone_axe":1,"stat.useItem.minecraft.apple":3,"stat.useItem.minecraft.porkchop":4,"stat.craftItem.minecraft.coal":11,"stat.useItem.minecraft.rotten_flesh":5,"stat.useItem.midnight.double_nightshroom":1,"stat.jump":2189,"stat.pickup.minecraft.coal":60,"stat.fallOneCm":36428,"stat.pickup.minecraft.carrot":68,"stat.useItem.minecraft.stone_axe":129,"stat.pickup.minecraft.gunpowder":1,"stat.craftItem.minecraft.bread":4,"stat.crouchOneCm":1572,"stat.pickup.minecraft.spider_eye":3,"stat.craftItem.minecraft.torch":48,"stat.craftItem.minecraft.iron_ingot":38,"stat.pickup.minecraft.dirt":115,"stat.craftItem.minecraft.iron_helmet":1,"stat.craftingTableInteraction":20,"stat.pickup.minecraft.iron_ore":61,"stat.useItem.minecraft.sapling":8,"stat.damageTaken":3043,"stat.mineBlock.minecraft.torch":1,"stat.useItem.minecraft.wooden_pickaxe":10,"stat.useItem.minecraft.reeds":2,"stat.mineBlock.minecraft.sapling":1,"stat.pickup.minecraft.planks":9,"stat.killEntity.Llama":1,"stat.pickup.minecraft.reeds":3,"tombstone:undead_killed":19,"stat.pickup.minecraft.wheat_seeds":32,"stat.pickup.minecraft.potato":41,"stat.entityKilledBy.Zombie":1,"stat.useItem.minecraft.stone_pickaxe":132,"stat.useItem.minecraft.stone_sword":131,"stat.damageDealt":6233,"stat.mineBlock.minecraft.dirt":36,"stat.killEntity.Pig":8,"stat.craftItem.minecraft.iron_sword":1,"stat.walkOneCm":523717,"stat.useItem.minecraft.torch":51,"stat.useItem.minecraft.bread":1,"stat.drop.minecraft.rotten_flesh":1,"stat.pickup.minecraft.crafting_table":2,"stat.useItem.minecraft.log":13,"stat.craftItem.minecraft.crafting_table":1,"stat.mineBlock.minecraft.double_plant":1,"stat.useItem.minecraft.lava_bucket":8,"stat.pickup.minecraft.log":115,"stat.useItem.tombstone.gift":2,"stat.pickup.minecraft.stone":1,"stat.mineBlock.midnight.double_viridshroom":1,"stat.craftItem.minecraft.iron_chestplate":1,"stat.pickup.minecraft.sapling":14,"stat.pickup.minecraft.apple":3,"stat.killEntity.Skeleton":7,"stat.pickup.minecraft.beetroot":70,"stat.craftItem.minecraft.bucket":1,"stat.craftItem.minecraft.planks":104,"stat.useItem.minecraft.iron_sword":73,"stat.drop.minecraft.crafting_table":1,"stat.killEntity.Spider":2,"stat.mobKills":31,"stat.mineBlock.minecraft.log":101,"stat.craftItem.minecraft.wooden_door":3,"stat.useItem.minecraft.stone_hoe":12,"stat.useItem.minecraft.wooden_door":1,"stat.mineBlock.minecraft.leaves":108,"stat.pickup.minecraft.beetroot_seeds":124,"stat.pickup.minecraft.torch":4,"stat.useItem.minecraft.beetroot_seeds":88,"stat.sneakTime":513,"stat.pickup.midnight.viridshroom_stem":6,"stat.mineBlock.minecraft.stone":78,"stat.useItem.minecraft.beetroot":69}