{"stat.useItem.minecraft.bow":33,"stat.leaveGame":16,"stat.craftItem.minecraft.iron_axe":2,"stat.pickup.tombstone.familiar_stone":3,"stat.mineBlock.minecraft.sandstone":1,"stat.useItem.minecraft.poisonous_potato":1,"stat.pickup.zawa.worm":19,"stat.craftItem.minecraft.shield":7,"stat.useItem.minecraft.planks":505,"stat.pickup.minecraft.glowstone_dust":21,"stat.pickup.minecraft.porkchop":20,"stat.craftItem.xlfoodmod.flesh":36,"stat.useItem.minecraft.water_bucket":66,"stat.drop.minecraft.iron_sword":1,"stat.pickup.minecraft.rotten_flesh":65,"stat.pickup.minecraft.sand":22,"stat.craftItem.minecraft.stone_axe":1,"stat.killEntity.Enderman":1,"stat.craftItem.minecraft.stone_sword":2,"stat.mineBlock.minecraft.snow_layer":66,"stat.pickup.minecraft.brown_mushroom":3,"stat.mineBlock.minecraft.sand":24,"stat.killEntity.Witch":1,"stat.useItem.minecraft.iron_pickaxe":1080,"stat.drop.minecraft.diamond":1,"stat.craftItem.minecraft.wooden_pickaxe":1,"stat.killEntity.midnight.rifter":2,"stat.drop.minecraft.diamond_chestplate":1,"stat.furnaceInteraction":132,"stat.killEntity.ZombieVillager":1,"stat.mineBlock.aether_legacy.berry_bush":36,"stat.craftItem.minecraft.leather_helmet":1,"stat.pickup.minecraft.fence_gate":1,"stat.pickup.minecraft.furnace":6,"stat.drop.aether_legacy.blue_berry":1,"stat.craftItem.travelersbackpack.travelers_backpack":1,"stat.pickup.minecraft.leather_helmet":3,"stat.pickup.minecraft.iron_chestplate":2,"stat.pickup.tombstone.magic_scroll":3,"stat.pickup.xlfoodmod.salt":70,"stat.pickup.minecraft.saddle":6,"stat.useItem.minecraft.dye":94,"stat.deaths":9,"stat.pickup.minecraft.egg":2,"stat.playOneMinute":763088,"stat.craftItem.minecraft.iron_pickaxe":4,"stat.pickup.zawa.care_guide":1,"stat.drop.minecraft.torch":17,"stat.mineBlock.minecraft.tallgrass":14,"stat.pickup.minecraft.netherrack":131,"stat.pickup.midnight.double_nightshroom":2,"stat.chestOpened":202,"stat.mineBlock.minecraft.netherrack":138,"stat.pickup.minecraft.arrow":48,"stat.pickup.minecraft.iron_sword":3,"stat.mineBlock.minecraft.ice":6,"stat.craftItem.minecraft.quartz_block":8,"stat.craftItem.minecraft.coal":11,"stat.drop.minecraft.iron_pickaxe":1,"stat.drop.xlfoodmod.salt":6,"stat.fallOneCm":223202,"stat.pickup.minecraft.carrot":348,"stat.crouchOneCm":63408,"stat.mineBlock.minecraft.chest":4,"stat.craftItem.minecraft.iron_ingot":134,"stat.craftItem.minecraft.chest":1,"stat.pickup.minecraft.golden_leggings":1,"stat.craftingTableInteraction":55,"stat.pickup.minecraft.feather":2,"stat.useItem.minecraft.reeds":2,"stat.useItem.minecraft.furnace":4,"stat.pickup.minecraft.dye":74,"stat.pickup.minecraft.planks":32,"stat.killEntity.Llama":11,"stat.pickup.minecraft.iron_leggings":2,"stat.pickup.minecraft.wheat_seeds":36,"stat.pickup.chisel.cobblestone":2,"stat.mineBlock.minecraft.gravel":21,"stat.useItem.minecraft.stone_pickaxe":132,"stat.useItem.minecraft.stone_sword":145,"stat.craftItem.minecraft.iron_leggings":1,"stat.mineBlock.minecraft.dirt":845,"stat.drop.minecraft.reeds":6,"stat.pickup.minecraft.chainmail_boots":1,"stat.pickup.minecraft.poisonous_potato":1,"stat.drop.minecraft.stick":12,"stat.useItem.minecraft.torch":236,"stat.useItem.minecraft.bread":3,"stat.pickup.minecraft.golden_apple":1,"stat.drop.minecraft.rotten_flesh":1,"stat.pickup.minecraft.crafting_table":3,"stat.useItem.minecraft.log":202,"stat.useItem.minecraft.cobblestone":520,"stat.craftItem.minecraft.crafting_table":4,"stat.useItem.minecraft.gravel":1,"stat.mineBlock.minecraft.double_plant":1,"stat.useItem.xlfoodmod.flesh":29,"stat.pickup.minecraft.log":836,"stat.pickup.minecraft.iron_pickaxe":3,"stat.craftItem.minecraft.gold_ingot":42,"stat.pickup.minecraft.chicken":1,"stat.pickup.minecraft.sapling":35,"stat.pickup.minecraft.apple":3,"stat.pickup.minecraft.beetroot":83,"stat.craftItem.minecraft.bucket":2,"stat.craftItem.minecraft.planks":756,"stat.useItem.minecraft.iron_sword":417,"stat.craftItem.minecraft.snow":1,"stat.pickup.minecraft.book":21,"stat.mineBlock.minecraft.log":116,"stat.craftItem.minecraft.wooden_door":3,"stat.craftItem.minecraft.cooked_chicken":1,"stat.useItem.minecraft.stone_hoe":42,"stat.useItem.carryon.entity_item":23,"stat.useItem.minecraft.wooden_door":1,"stat.useItem.minecraft.spruce_door":4,"stat.useItem.minecraft.beetroot_seeds":88,"stat.sneakTime":18384,"stat.pickup.minecraft.wool":3,"stat.drop.tombstone.familiar_stone":1,"stat.pickup.midnight.viridshroom_stem":6,"stat.useItem.minecraft.baked_potato":32,"stat.useItem.minecraft.beetroot":81,"stat.pickup.minecraft.chest":4,"stat.craftItem.minecraft.spruce_door":6,"stat.mineBlock.midnight.double_nightshroom":2,"stat.pickup.minecraft.bone":36,"stat.horseOneCm":658,"stat.drop.minecraft.beetroot":1,"stat.useItem.minecraft.iron_axe":127,"stat.drop.minecraft.stone_shovel":1,"stat.mineBlock.minecraft.cobblestone":240,"stat.pickup.minecraft.flint":2,"stat.mineBlock.minecraft.yellow_flower":1,"stat.craftItem.minecraft.wool":6,"stat.swimOneCm":113236,"stat.climbOneCm":1999,"stat.mineBlock.minecraft.spruce_stairs":3,"stat.pickup.minecraft.cooked_porkchop":6,"stat.useItem.minecraft.dirt":991,"stat.useItem.minecraft.stone_slab2":111,"stat.pickup.minecraft.bow":7,"stat.pickup.minecraft.iron_boots":2,"stat.pickup.minecraft.diamond_horse_armor":1,"stat.mineBlock.chisel.cobblestone":2,"stat.useItem.minecraft.egg":2,"stat.craftItem.minecraft.iron_boots":1,"stat.craftItem.minecraft.spruce_boat":4,"stat.pickup.minecraft.coal_ore":33,"stat.craftItem.minecraft.stone_pickaxe":1,"stat.craftItem.minecraft.cooked_beef":14,"stat.pickup.minecraft.cobblestone":611,"stat.pickup.aether_legacy.aether_dirt":1,"stat.craftItem.minecraft.bow":2,"stat.useItem.minecraft.stone_shovel":800,"stat.flyOneCm":1438165,"stat.pickup.minecraft.sandstone":1,"stat.useItem.chisel.cobblestone":225,"stat.pickup.aether_legacy.blue_berry":65,"stat.pickup.minecraft.redstone":177,"stat.mineBlock.minecraft.iron_ore":136,"stat.timeSinceDeath":49549,"stat.useItem.aether_legacy.blue_berry":38,"stat.drop.minecraft.log":8,"stat.pickup.travelersbackpack.travelers_backpack":1,"stat.useItem.minecraft.potato":45,"stat.pickup.minecraft.spruce_fence":1,"stat.drop.minecraft.dirt":3,"stat.useItem.minecraft.cooked_porkchop":10,"stat.drop.minecraft.beetroot_seeds":1,"stat.mineBlock.minecraft.coal_ore":219,"stat.drop.minecraft.wool":1,"stat.killEntity.Creeper":1,"stat.craftItem.minecraft.stone_hoe":2,"stat.talkedToVillager":4,"stat.pickup.minecraft.string":21,"stat.pickup.tombstone.crafting_ingredient":10,"stat.entityKilledBy.Skeleton":3,"stat.mineBlock.midnight.viridshroom_stem":6,"stat.sprintOneCm":2144325,"stat.craftItem.minecraft.stick":152,"stat.useItem.tombstone.magic_scroll":1,"stat.useItem.minecraft.snowball":82,"stat.mineBlock.minecraft.crafting_table":2,"stat.useItem.minecraft.carrot":290,"stat.pickup.minecraft.golden_horse_armor":1,"stat.pickup.minecraft.leather_leggings":1,"stat.entityKilledBy.Creeper":1,"stat.pickup.minecraft.sugar":1,"stat.mineBlock.minecraft.planks":22,"stat.drop":74,"stat.drop.tombstone.grave_key":1,"stat.mineBlock.aether_legacy.aether_log":5,"stat.pickup.tombstone.grave_key":1,"stat.pickup.minecraft.golden_chestplate":1,"stat.killEntity.Zombie":52,"stat.craftItem.minecraft.dye":110,"stat.pickup.minecraft.snowball":189,"stat.mineBlock.xlfoodmod.rock_salt":2,"stat.mineBlock.minecraft.gold_ore":15,"stat.diveOneCm":103965,"stat.drop.minecraft.diamond_pickaxe":3,"stat.pickup.minecraft.wheat":13,"stat.pickup.minecraft.gravel":24,"stat.craftItem.minecraft.cooked_porkchop":10,"stat.pickup.minecraft.stone_axe":1,"stat.useItem.minecraft.apple":3,"stat.useItem.minecraft.porkchop":4,"stat.useItem.minecraft.rotten_flesh":5,"stat.useItem.midnight.double_nightshroom":1,"stat.craftItem.travelersbackpack.backpack_tank":2,"stat.jump":10490,"stat.pickup.minecraft.coal":337,"stat.pickup.minecraft.iron_helmet":2,"stat.pickup.minecraft.iron_ingot":10,"stat.useItem.minecraft.stone_axe":137,"stat.pickup.minecraft.gunpowder":1,"stat.craftItem.minecraft.bread":4,"stat.pickup.minecraft.spider_eye":8,"stat.craftItem.minecraft.torch":276,"stat.pickup.minecraft.dirt":950,"stat.craftItem.minecraft.iron_helmet":2,"stat.useItem.minecraft.coal_ore":32,"stat.useItem.minecraft.cooked_chicken":1,"stat.pickup.minecraft.iron_ore":138,"stat.pickup.aether_legacy.berry_bush_stem":1,"stat.pickup.minecraft.stone_shovel":1,"stat.boatOneCm":225569,"stat.useItem.minecraft.sapling":8,"stat.pickup.minecraft.gold_ore":15,"stat.mineBlock.minecraft.lapis_ore":7,"stat.craftItem.minecraft.flint_and_steel":1,"stat.pickup.minecraft.iron_axe":2,"stat.drop.zawa.worm":2,"stat.brewingstandInteraction":4,"stat.damageTaken":12663,"stat.pickup.minecraft.leather":14,"stat.mineBlock.minecraft.torch":52,"stat.mineBlock.minecraft.red_flower":2,"stat.mineBlock.minecraft.furnace":6,"stat.useItem.minecraft.wooden_pickaxe":10,"stat.mineBlock.minecraft.sapling":1,"stat.craftItem.aether_legacy.skyroot_plank":8,"stat.pickup.minecraft.reeds":15,"stat.pickup.minecraft.bed":1,"tombstone:undead_killed":81,"stat.pickup.minecraft.potato":78,"stat.mineBlock.minecraft.fence_gate":1,"stat.entityKilledBy.Zombie":3,"stat.damageDealt":23115,"stat.sleepInBed":1,"stat.craftItem.minecraft.baked_potato":29,"stat.killEntity.Pig":13,"stat.craftItem.minecraft.iron_sword":1,"stat.craftItem.minecraft.stone_shovel":5,"stat.walkOneCm":2241696,"stat.useItem.minecraft.chest":2,"stat.pickup.minecraft.stick":4,"stat.pickup.minecraft.diamond_pickaxe":3,"stat.useItem.minecraft.lava_bucket":46,"stat.useItem.minecraft.spruce_boat":8,"stat.drop.minecraft.netherrack":4,"stat.useItem.tombstone.gift":3,"stat.pickup.aether_legacy.aether_log":2,"stat.pickup.minecraft.stone":3,"stat.useItem.minecraft.spruce_stairs":15,"stat.mineBlock.midnight.double_viridshroom":1,"stat.craftItem.minecraft.iron_chestplate":1,"stat.mineBlock.minecraft.wool":3,"stat.pickup.minecraft.baked_potato":3,"stat.pickup.minecraft.gold_ingot":1,"stat.useItem.minecraft.netherrack":51,"stat.mineBlock.aether_legacy.aether_grass":2,"stat.killEntity.Skeleton":28,"stat.craftItem.travelersbackpack.sleeping_bag_bottom":1,"stat.killEntity.Chicken":2,"stat.drop.minecraft.crafting_table":1,"stat.killEntity.Spider":14,"stat.mineBlock.minecraft.quartz_ore":32,"stat.mineBlock.minecraft.glowstone":8,"stat.mobKills":127,"stat.mineBlock.minecraft.bookshelf":7,"stat.pickup.minecraft.quartz":32,"stat.craftItem.minecraft.shears":1,"stat.useItem.minecraft.golden_apple":1,"stat.pickup.minecraft.water_bucket":2,"stat.pickup.minecraft.diamond":1,"stat.mineBlock.minecraft.leaves":144,"stat.pickup.minecraft.beetroot_seeds":151,"stat.pickup.minecraft.iron_horse_armor":1,"stat.pickup.minecraft.torch":90,"stat.pickup.minecraft.spruce_stairs":3,"stat.mineBlock.minecraft.redstone_ore":25,"stat.pickup.minecraft.lava_bucket":1,"stat.pickup.minecraft.spruce_boat":5,"stat.craftItem.minecraft.spruce_stairs":16,"stat.mineBlock.minecraft.stone":374}