{"stat.mineBlock.midnight.double_nightshroom":2,"stat.pickup.midnight.double_nightshroom":2,"stat.chestOpened":1,"stat.walkOneCm":99777,"stat.useItem.minecraft.potato":41,"stat.leaveGame":2,"stat.pickup.minecraft.crafting_table":1,"stat.craftItem.minecraft.crafting_table":1,"stat.useItem.minecraft.apple":2,"stat.mineBlock.minecraft.coal_ore":18,"stat.useItem.minecraft.porkchop":2,"stat.pickup.minecraft.log":11,"stat.useItem.midnight.double_nightshroom":1,"stat.jump":595,"stat.swimOneCm":3364,"stat.pickup.minecraft.coal":18,"stat.fallOneCm":13681,"stat.useItem.minecraft.stone_axe":6,"stat.pickup.minecraft.porkchop":14,"stat.mineBlock.midnight.double_viridshroom":1,"stat.mineBlock.midnight.viridshroom_stem":6,"stat.pickup.minecraft.sapling":3,"stat.pickup.minecraft.dirt":23,"stat.useItem.minecraft.dirt":3,"stat.sprintOneCm":79836,"stat.useItem.minecraft.stone_slab2":3,"stat.pickup.minecraft.apple":2,"stat.craftItem.minecraft.stick":8,"stat.craftingTableInteraction":2,"stat.craftItem.minecraft.planks":44,"stat.craftItem.minecraft.stone_axe":1,"stat.drop.minecraft.crafting_table":1,"stat.damageTaken":555,"stat.craftItem.minecraft.stone_pickaxe":1,"stat.useItem.minecraft.wooden_pickaxe":10,"stat.pickup.minecraft.cobblestone":10,"stat.mobKills":9,"stat.mineBlock.minecraft.log":11,"stat.craftItem.minecraft.stone_sword":1,"stat.flyOneCm":47488,"stat.drop":1,"stat.mineBlock.minecraft.leaves":25,"stat.pickup.minecraft.potato":41,"stat.playOneMinute":34847,"stat.killEntity.Witch":1,"stat.useItem.minecraft.stone_pickaxe":18,"stat.sneakTime":9,"stat.useItem.minecraft.stone_sword":63,"stat.damageDealt":1563,"stat.pickup.midnight.viridshroom_stem":6,"stat.pickup.zawa.care_guide":1,"stat.timeSinceDeath":34847,"stat.mineBlock.minecraft.dirt":8,"stat.craftItem.minecraft.wooden_pickaxe":1,"stat.mineBlock.minecraft.stone":10,"stat.killEntity.Pig":8,"stat.mineBlock.minecraft.tallgrass":2,"stat.diveOneCm":7471}