{"stat.mineBlock.midnight.double_nightshroom":2,"stat.useItem.minecraft.bow":14,"stat.pickup.minecraft.bone":23,"stat.horseOneCm":658,"stat.drop.minecraft.beetroot":1,"stat.useItem.minecraft.iron_axe":1,"stat.leaveGame":5,"stat.drop.minecraft.stone_shovel":1,"stat.mineBlock.minecraft.cobblestone":1,"stat.mineBlock.minecraft.yellow_flower":1,"stat.craftItem.minecraft.iron_axe":1,"stat.mineBlock.minecraft.sandstone":1,"stat.swimOneCm":33835,"stat.pickup.zawa.worm":14,"stat.climbOneCm":740,"stat.craftItem.minecraft.shield":4,"stat.useItem.minecraft.planks":20,"stat.pickup.minecraft.porkchop":14,"stat.useItem.minecraft.dirt":591,"stat.useItem.minecraft.stone_slab2":42,"stat.pickup.minecraft.bow":1,"stat.useItem.minecraft.water_bucket":14,"stat.pickup.minecraft.rotten_flesh":24,"stat.pickup.minecraft.sand":1,"stat.craftItem.minecraft.stone_axe":1,"stat.craftItem.minecraft.iron_boots":1,"stat.craftItem.minecraft.stone_pickaxe":1,"stat.pickup.minecraft.cobblestone":274,"stat.useItem.minecraft.stone_shovel":623,"stat.craftItem.minecraft.stone_sword":1,"stat.flyOneCm":347625,"stat.pickup.minecraft.sandstone":1,"stat.mineBlock.minecraft.snow_layer":55,"stat.pickup.minecraft.brown_mushroom":2,"stat.mineBlock.minecraft.sand":1,"stat.killEntity.Witch":1,"stat.mineBlock.minecraft.iron_ore":61,"stat.timeSinceDeath":69783,"stat.useItem.minecraft.iron_pickaxe":264,"stat.drop.minecraft.log":8,"stat.craftItem.minecraft.wooden_pickaxe":1,"stat.useItem.minecraft.potato":41,"stat.furnaceInteraction":32,"stat.useItem.minecraft.cooked_porkchop":10,"stat.drop.minecraft.beetroot_seeds":1,"stat.mineBlock.minecraft.coal_ore":67,"stat.killEntity.Creeper":1,"stat.craftItem.minecraft.stone_hoe":1,"stat.pickup.minecraft.string":3,"stat.pickup.tombstone.crafting_ingredient":3,"stat.entityKilledBy.Skeleton":2,"stat.mineBlock.midnight.viridshroom_stem":6,"stat.sprintOneCm":585158,"stat.craftItem.minecraft.stick":92,"stat.pickup.tombstone.magic_scroll":2,"stat.useItem.minecraft.snowball":30,"stat.mineBlock.minecraft.crafting_table":1,"stat.useItem.minecraft.carrot":96,"stat.useItem.minecraft.dye":69,"stat.pickup.minecraft.sugar":1,"stat.deaths":3,"stat.mineBlock.minecraft.planks":9,"stat.drop":13,"stat.playOneMinute":270611,"stat.craftItem.minecraft.iron_pickaxe":2,"stat.killEntity.Zombie":25,"stat.pickup.zawa.care_guide":1,"stat.craftItem.minecraft.dye":69,"stat.pickup.minecraft.snowball":108,"stat.mineBlock.minecraft.tallgrass":5,"stat.diveOneCm":45468,"stat.pickup.minecraft.wheat":13,"stat.pickup.midnight.double_nightshroom":2,"stat.chestOpened":58,"stat.pickup.minecraft.arrow":18,"stat.craftItem.minecraft.cooked_porkchop":10,"stat.pickup.minecraft.stone_axe":1,"stat.useItem.minecraft.apple":3,"stat.useItem.minecraft.porkchop":4,"stat.craftItem.minecraft.coal":11,"stat.useItem.minecraft.rotten_flesh":5,"stat.useItem.midnight.double_nightshroom":1,"stat.jump":3463,"stat.pickup.minecraft.coal":68,"stat.fallOneCm":58640,"stat.pickup.minecraft.carrot":131,"stat.useItem.minecraft.stone_axe":129,"stat.pickup.minecraft.gunpowder":1,"stat.craftItem.minecraft.bread":4,"stat.crouchOneCm":14567,"stat.pickup.minecraft.spider_eye":4,"stat.craftItem.minecraft.torch":112,"stat.craftItem.minecraft.iron_ingot":55,"stat.pickup.minecraft.dirt":702,"stat.craftItem.minecraft.iron_helmet":1,"stat.craftingTableInteraction":26,"stat.pickup.minecraft.iron_ore":61,"stat.pickup.minecraft.stone_shovel":1,"stat.useItem.minecraft.sapling":8,"stat.damageTaken":4283,"stat.pickup.minecraft.leather":1,"stat.mineBlock.minecraft.torch":6,"stat.mineBlock.minecraft.red_flower":2,"stat.useItem.minecraft.wooden_pickaxe":10,"stat.useItem.minecraft.reeds":2,"stat.mineBlock.minecraft.sapling":1,"stat.pickup.minecraft.planks":18,"stat.killEntity.Llama":2,"stat.pickup.minecraft.reeds":3,"tombstone:undead_killed":37,"stat.pickup.minecraft.wheat_seeds":34,"stat.pickup.minecraft.potato":42,"stat.entityKilledBy.Zombie":1,"stat.useItem.minecraft.stone_pickaxe":132,"stat.useItem.minecraft.stone_sword":131,"stat.craftItem.minecraft.iron_leggings":1,"stat.damageDealt":10438,"stat.mineBlock.minecraft.dirt":625,"stat.killEntity.Pig":8,"stat.craftItem.minecraft.iron_sword":1,"stat.craftItem.minecraft.stone_shovel":3,"stat.walkOneCm":823450,"stat.useItem.minecraft.torch":73,"stat.useItem.minecraft.bread":1,"stat.drop.minecraft.rotten_flesh":1,"stat.pickup.minecraft.crafting_table":2,"stat.useItem.minecraft.log":13,"stat.useItem.minecraft.cobblestone":55,"stat.craftItem.minecraft.crafting_table":1,"stat.mineBlock.minecraft.double_plant":1,"stat.useItem.minecraft.lava_bucket":8,"stat.pickup.minecraft.log":125,"stat.useItem.tombstone.gift":2,"stat.pickup.minecraft.stone":1,"stat.mineBlock.midnight.double_viridshroom":1,"stat.craftItem.minecraft.iron_chestplate":1,"stat.pickup.minecraft.sapling":14,"stat.pickup.minecraft.apple":3,"stat.killEntity.Skeleton":12,"stat.pickup.minecraft.beetroot":70,"stat.craftItem.minecraft.bucket":2,"stat.craftItem.minecraft.planks":104,"stat.useItem.minecraft.iron_sword":171,"stat.killEntity.Chicken":1,"stat.drop.minecraft.crafting_table":1,"stat.killEntity.Spider":4,"stat.mobKills":55,"stat.mineBlock.minecraft.log":101,"stat.craftItem.minecraft.wooden_door":3,"stat.useItem.minecraft.stone_hoe":12,"stat.useItem.minecraft.wooden_door":1,"stat.mineBlock.minecraft.leaves":108,"stat.pickup.minecraft.beetroot_seeds":124,"stat.pickup.minecraft.torch":14,"stat.useItem.minecraft.beetroot_seeds":88,"stat.sneakTime":4443,"stat.pickup.midnight.viridshroom_stem":6,"stat.mineBlock.minecraft.stone":272,"stat.useItem.minecraft.beetroot":69}