{"stat.mineBlock.midnight.double_nightshroom":2,"stat.pickup.midnight.double_nightshroom":2,"stat.chestOpened":8,"stat.walkOneCm":181500,"stat.useItem.minecraft.torch":2,"stat.useItem.minecraft.potato":41,"stat.leaveGame":2,"stat.pickup.minecraft.crafting_table":1,"stat.craftItem.minecraft.cooked_porkchop":10,"stat.craftItem.minecraft.crafting_table":1,"stat.furnaceInteraction":15,"stat.pickup.minecraft.stone_axe":1,"stat.useItem.minecraft.cooked_porkchop":6,"stat.useItem.minecraft.apple":2,"stat.useItem.minecraft.lava_bucket":4,"stat.mineBlock.minecraft.coal_ore":30,"stat.useItem.minecraft.porkchop":4,"stat.craftItem.minecraft.coal":11,"stat.pickup.minecraft.log":26,"stat.useItem.midnight.double_nightshroom":1,"stat.jump":1045,"stat.swimOneCm":12224,"stat.pickup.minecraft.coal":30,"stat.fallOneCm":21254,"stat.climbOneCm":740,"stat.craftItem.minecraft.shield":1,"stat.pickup.minecraft.carrot":5,"stat.useItem.minecraft.stone_axe":22,"stat.pickup.minecraft.porkchop":14,"stat.mineBlock.midnight.double_viridshroom":1,"stat.craftItem.minecraft.iron_chestplate":1,"stat.mineBlock.midnight.viridshroom_stem":6,"stat.craftItem.minecraft.torch":36,"stat.craftItem.minecraft.iron_ingot":14,"stat.pickup.minecraft.sapling":11,"stat.pickup.minecraft.dirt":24,"stat.useItem.minecraft.dirt":6,"stat.sprintOneCm":176612,"stat.useItem.minecraft.stone_slab2":8,"stat.pickup.minecraft.apple":2,"stat.craftItem.minecraft.stick":16,"stat.craftingTableInteraction":6,"stat.pickup.minecraft.iron_ore":14,"stat.pickup.minecraft.rotten_flesh":2,"stat.useItem.minecraft.sapling":8,"stat.craftItem.minecraft.bucket":1,"stat.craftItem.minecraft.planks":44,"stat.craftItem.minecraft.stone_axe":1,"stat.drop.minecraft.crafting_table":1,"stat.damageTaken":816,"stat.craftItem.minecraft.stone_pickaxe":1,"stat.useItem.minecraft.wooden_pickaxe":10,"stat.useItem.minecraft.carrot":4,"stat.pickup.minecraft.cobblestone":20,"stat.mobKills":10,"stat.mineBlock.minecraft.sapling":1,"stat.mineBlock.minecraft.log":24,"stat.craftItem.minecraft.wooden_door":3,"stat.useItem.minecraft.wooden_door":1,"stat.killEntity.Llama":1,"stat.craftItem.minecraft.stone_sword":1,"stat.flyOneCm":104063,"stat.drop":1,"stat.mineBlock.minecraft.leaves":97,"stat.pickup.minecraft.potato":41,"stat.playOneMinute":73547,"stat.killEntity.Witch":1,"stat.pickup.minecraft.torch":1,"stat.useItem.minecraft.stone_pickaxe":54,"stat.sneakTime":9,"stat.useItem.minecraft.stone_sword":67,"stat.damageDealt":1733,"stat.mineBlock.minecraft.iron_ore":14,"stat.pickup.midnight.viridshroom_stem":6,"stat.pickup.zawa.care_guide":1,"stat.timeSinceDeath":73547,"stat.mineBlock.minecraft.dirt":11,"stat.craftItem.minecraft.wooden_pickaxe":1,"stat.mineBlock.minecraft.stone":20,"stat.killEntity.Pig":8,"stat.mineBlock.minecraft.tallgrass":2,"stat.diveOneCm":27835}