{"stat.mineBlock.midnight.double_nightshroom":2,"stat.pickup.midnight.double_nightshroom":2,"stat.chestOpened":1,"stat.walkOneCm":57095,"stat.craftItem.minecraft.planks":44,"stat.useItem.minecraft.potato":16,"stat.leaveGame":2,"stat.craftItem.minecraft.stone_axe":1,"stat.drop.minecraft.crafting_table":1,"stat.pickup.minecraft.crafting_table":1,"stat.damageTaken":130,"stat.craftItem.minecraft.crafting_table":1,"stat.craftItem.minecraft.stone_pickaxe":1,"stat.useItem.minecraft.wooden_pickaxe":10,"stat.pickup.minecraft.cobblestone":10,"stat.mineBlock.minecraft.log":11,"stat.pickup.minecraft.log":11,"stat.craftItem.minecraft.stone_sword":1,"stat.flyOneCm":17888,"stat.useItem.midnight.double_nightshroom":1,"stat.drop":1,"stat.jump":297,"stat.mineBlock.minecraft.leaves":6,"stat.swimOneCm":1848,"stat.pickup.minecraft.potato":41,"stat.playOneMinute":22247,"stat.fallOneCm":5254,"stat.sneakTime":9,"stat.mineBlock.midnight.double_viridshroom":1,"stat.pickup.zawa.care_guide":1,"stat.timeSinceDeath":22247,"stat.pickup.minecraft.sapling":1,"stat.pickup.minecraft.dirt":6,"stat.useItem.minecraft.dirt":3,"stat.mineBlock.minecraft.dirt":7,"stat.sprintOneCm":27637,"stat.useItem.minecraft.stone_slab2":3,"stat.craftItem.minecraft.wooden_pickaxe":1,"stat.mineBlock.minecraft.stone":10,"stat.diveOneCm":4830,"stat.craftItem.minecraft.stick":8,"stat.craftingTableInteraction":2}