{"stat.mineBlock.midnight.double_nightshroom":2,"stat.pickup.minecraft.bone":3,"stat.leaveGame":3,"stat.swimOneCm":13256,"stat.climbOneCm":740,"stat.craftItem.minecraft.shield":1,"stat.pickup.minecraft.porkchop":14,"stat.useItem.minecraft.dirt":45,"stat.useItem.minecraft.stone_slab2":18,"stat.pickup.minecraft.rotten_flesh":7,"stat.craftItem.minecraft.stone_axe":1,"stat.craftItem.minecraft.stone_pickaxe":1,"stat.pickup.minecraft.cobblestone":20,"stat.craftItem.minecraft.stone_sword":1,"stat.flyOneCm":165652,"stat.pickup.minecraft.brown_mushroom":2,"stat.killEntity.Witch":1,"stat.mineBlock.minecraft.iron_ore":14,"stat.timeSinceDeath":26729,"stat.craftItem.minecraft.wooden_pickaxe":1,"stat.useItem.minecraft.potato":41,"stat.furnaceInteraction":17,"stat.useItem.minecraft.cooked_porkchop":10,"stat.drop.minecraft.beetroot_seeds":1,"stat.mineBlock.minecraft.coal_ore":30,"stat.pickup.minecraft.string":1,"stat.pickup.tombstone.crafting_ingredient":2,"stat.entityKilledBy.Skeleton":1,"stat.mineBlock.midnight.viridshroom_stem":6,"stat.sprintOneCm":313820,"stat.craftItem.minecraft.stick":20,"stat.mineBlock.minecraft.crafting_table":1,"stat.useItem.minecraft.carrot":14,"stat.useItem.minecraft.dye":2,"stat.deaths":1,"stat.mineBlock.minecraft.planks":1,"stat.drop":2,"stat.playOneMinute":115079,"stat.killEntity.Zombie":6,"stat.pickup.zawa.care_guide":1,"stat.craftItem.minecraft.dye":9,"stat.mineBlock.minecraft.tallgrass":2,"stat.diveOneCm":29335,"stat.pickup.minecraft.wheat":11,"stat.pickup.midnight.double_nightshroom":2,"stat.chestOpened":25,"stat.pickup.minecraft.arrow":6,"stat.craftItem.minecraft.cooked_porkchop":10,"stat.pickup.minecraft.stone_axe":1,"stat.useItem.minecraft.apple":3,"stat.useItem.minecraft.porkchop":4,"stat.craftItem.minecraft.coal":11,"stat.useItem.minecraft.rotten_flesh":5,"stat.useItem.midnight.double_nightshroom":1,"stat.jump":1528,"stat.pickup.minecraft.coal":30,"stat.fallOneCm":28863,"stat.pickup.minecraft.carrot":15,"stat.useItem.minecraft.stone_axe":117,"stat.pickup.minecraft.gunpowder":1,"stat.pickup.minecraft.spider_eye":1,"stat.craftItem.minecraft.torch":48,"stat.craftItem.minecraft.iron_ingot":14,"stat.pickup.minecraft.dirt":48,"stat.craftingTableInteraction":13,"stat.pickup.minecraft.iron_ore":14,"stat.useItem.minecraft.sapling":8,"stat.damageTaken":2052,"stat.mineBlock.minecraft.torch":1,"stat.useItem.minecraft.wooden_pickaxe":10,"stat.mineBlock.minecraft.sapling":1,"stat.pickup.minecraft.planks":1,"stat.killEntity.Llama":1,"tombstone:undead_killed":10,"stat.pickup.minecraft.wheat_seeds":25,"stat.pickup.minecraft.potato":41,"stat.useItem.minecraft.stone_pickaxe":54,"stat.useItem.minecraft.stone_sword":131,"stat.damageDealt":4174,"stat.mineBlock.minecraft.dirt":13,"stat.killEntity.Pig":8,"stat.craftItem.minecraft.iron_sword":1,"stat.walkOneCm":322050,"stat.useItem.minecraft.torch":25,"stat.pickup.minecraft.crafting_table":2,"stat.craftItem.minecraft.crafting_table":1,"stat.mineBlock.minecraft.double_plant":1,"stat.useItem.minecraft.lava_bucket":4,"stat.pickup.minecraft.log":109,"stat.useItem.tombstone.gift":2,"stat.mineBlock.midnight.double_viridshroom":1,"stat.craftItem.minecraft.iron_chestplate":1,"stat.pickup.minecraft.sapling":14,"stat.pickup.minecraft.apple":3,"stat.killEntity.Skeleton":4,"stat.pickup.minecraft.beetroot":23,"stat.craftItem.minecraft.bucket":1,"stat.craftItem.minecraft.planks":104,"stat.useItem.minecraft.iron_sword":14,"stat.drop.minecraft.crafting_table":1,"stat.killEntity.Spider":2,"stat.mobKills":22,"stat.mineBlock.minecraft.log":97,"stat.craftItem.minecraft.wooden_door":3,"stat.useItem.minecraft.wooden_door":1,"stat.mineBlock.minecraft.leaves":107,"stat.pickup.minecraft.beetroot_seeds":38,"stat.pickup.minecraft.torch":3,"stat.useItem.minecraft.beetroot_seeds":33,"stat.sneakTime":11,"stat.pickup.midnight.viridshroom_stem":6,"stat.mineBlock.minecraft.stone":20,"stat.useItem.minecraft.beetroot":15}