{"stat.mineBlock.midnight.double_nightshroom":2,"stat.pickup.minecraft.bone":10,"stat.drop.minecraft.beetroot":1,"stat.leaveGame":4,"stat.swimOneCm":19376,"stat.climbOneCm":740,"stat.craftItem.minecraft.shield":3,"stat.useItem.minecraft.planks":8,"stat.pickup.minecraft.porkchop":14,"stat.useItem.minecraft.dirt":89,"stat.useItem.minecraft.stone_slab2":28,"stat.pickup.minecraft.bow":1,"stat.useItem.minecraft.water_bucket":1,"stat.pickup.minecraft.rotten_flesh":10,"stat.pickup.minecraft.sand":1,"stat.craftItem.minecraft.stone_axe":1,"stat.craftItem.minecraft.stone_pickaxe":1,"stat.pickup.minecraft.cobblestone":69,"stat.craftItem.minecraft.stone_sword":1,"stat.flyOneCm":199213,"stat.pickup.minecraft.brown_mushroom":2,"stat.mineBlock.minecraft.sand":1,"stat.killEntity.Witch":1,"stat.mineBlock.minecraft.iron_ore":38,"stat.timeSinceDeath":37871,"stat.craftItem.minecraft.wooden_pickaxe":1,"stat.useItem.minecraft.potato":41,"stat.furnaceInteraction":22,"stat.useItem.minecraft.cooked_porkchop":10,"stat.drop.minecraft.beetroot_seeds":1,"stat.mineBlock.minecraft.coal_ore":35,"stat.craftItem.minecraft.stone_hoe":1,"stat.pickup.minecraft.string":1,"stat.pickup.tombstone.crafting_ingredient":2,"stat.entityKilledBy.Skeleton":1,"stat.mineBlock.midnight.viridshroom_stem":6,"stat.sprintOneCm":376677,"stat.craftItem.minecraft.stick":24,"stat.pickup.tombstone.magic_scroll":1,"stat.mineBlock.minecraft.crafting_table":1,"stat.useItem.minecraft.carrot":42,"stat.useItem.minecraft.dye":9,"stat.pickup.minecraft.sugar":1,"stat.deaths":2,"stat.mineBlock.minecraft.planks":3,"stat.drop":4,"stat.playOneMinute":178240,"stat.killEntity.Zombie":10,"stat.pickup.zawa.care_guide":1,"stat.craftItem.minecraft.dye":24,"stat.mineBlock.minecraft.tallgrass":2,"stat.diveOneCm":29976,"stat.pickup.minecraft.wheat":13,"stat.pickup.midnight.double_nightshroom":2,"stat.chestOpened":36,"stat.pickup.minecraft.arrow":10,"stat.craftItem.minecraft.cooked_porkchop":10,"stat.pickup.minecraft.stone_axe":1,"stat.useItem.minecraft.apple":3,"stat.useItem.minecraft.porkchop":4,"stat.craftItem.minecraft.coal":11,"stat.useItem.minecraft.rotten_flesh":5,"stat.useItem.midnight.double_nightshroom":1,"stat.jump":1986,"stat.pickup.minecraft.coal":36,"stat.fallOneCm":34425,"stat.pickup.minecraft.carrot":47,"stat.useItem.minecraft.stone_axe":123,"stat.pickup.minecraft.gunpowder":1,"stat.craftItem.minecraft.bread":4,"stat.crouchOneCm":1556,"stat.pickup.minecraft.spider_eye":3,"stat.craftItem.minecraft.torch":48,"stat.craftItem.minecraft.iron_ingot":21,"stat.pickup.minecraft.dirt":97,"stat.craftingTableInteraction":18,"stat.pickup.minecraft.iron_ore":38,"stat.useItem.minecraft.sapling":8,"stat.damageTaken":3023,"stat.mineBlock.minecraft.torch":1,"stat.useItem.minecraft.wooden_pickaxe":10,"stat.useItem.minecraft.reeds":2,"stat.mineBlock.minecraft.sapling":1,"stat.pickup.minecraft.planks":3,"stat.killEntity.Llama":1,"stat.pickup.minecraft.reeds":3,"tombstone:undead_killed":16,"stat.pickup.minecraft.wheat_seeds":32,"stat.pickup.minecraft.potato":41,"stat.entityKilledBy.Zombie":1,"stat.useItem.minecraft.stone_pickaxe":132,"stat.useItem.minecraft.stone_sword":131,"stat.damageDealt":5806,"stat.mineBlock.minecraft.dirt":36,"stat.killEntity.Pig":8,"stat.craftItem.minecraft.iron_sword":1,"stat.walkOneCm":464962,"stat.useItem.minecraft.torch":40,"stat.useItem.minecraft.bread":1,"stat.drop.minecraft.rotten_flesh":1,"stat.pickup.minecraft.crafting_table":2,"stat.useItem.minecraft.log":12,"stat.craftItem.minecraft.crafting_table":1,"stat.mineBlock.minecraft.double_plant":1,"stat.useItem.minecraft.lava_bucket":8,"stat.pickup.minecraft.log":115,"stat.useItem.tombstone.gift":2,"stat.mineBlock.midnight.double_viridshroom":1,"stat.craftItem.minecraft.iron_chestplate":1,"stat.pickup.minecraft.sapling":14,"stat.pickup.minecraft.apple":3,"stat.killEntity.Skeleton":6,"stat.pickup.minecraft.beetroot":62,"stat.craftItem.minecraft.bucket":1,"stat.craftItem.minecraft.planks":104,"stat.useItem.minecraft.iron_sword":60,"stat.drop.minecraft.crafting_table":1,"stat.killEntity.Spider":2,"stat.mobKills":29,"stat.mineBlock.minecraft.log":101,"stat.craftItem.minecraft.wooden_door":3,"stat.useItem.minecraft.stone_hoe":11,"stat.useItem.minecraft.wooden_door":1,"stat.mineBlock.minecraft.leaves":108,"stat.pickup.minecraft.beetroot_seeds":116,"stat.pickup.minecraft.torch":4,"stat.useItem.minecraft.beetroot_seeds":88,"stat.sneakTime":493,"stat.pickup.midnight.viridshroom_stem":6,"stat.mineBlock.minecraft.stone":69,"stat.useItem.minecraft.beetroot":57}