{"stat.mineBlock.midnight.double_nightshroom":2,"stat.pickup.midnight.double_nightshroom":2,"stat.chestOpened":6,"stat.walkOneCm":141377,"stat.useItem.minecraft.torch":2,"stat.useItem.minecraft.potato":41,"stat.leaveGame":2,"stat.pickup.minecraft.crafting_table":1,"stat.craftItem.minecraft.cooked_porkchop":10,"stat.craftItem.minecraft.crafting_table":1,"stat.furnaceInteraction":13,"stat.pickup.minecraft.stone_axe":1,"stat.useItem.minecraft.cooked_porkchop":2,"stat.useItem.minecraft.apple":2,"stat.mineBlock.minecraft.coal_ore":30,"stat.useItem.minecraft.porkchop":4,"stat.craftItem.minecraft.coal":11,"stat.pickup.minecraft.log":26,"stat.useItem.midnight.double_nightshroom":1,"stat.jump":739,"stat.swimOneCm":9008,"stat.pickup.minecraft.coal":30,"stat.fallOneCm":15183,"stat.climbOneCm":740,"stat.pickup.minecraft.carrot":5,"stat.useItem.minecraft.stone_axe":22,"stat.pickup.minecraft.porkchop":14,"stat.mineBlock.midnight.double_viridshroom":1,"stat.craftItem.minecraft.iron_chestplate":1,"stat.mineBlock.midnight.viridshroom_stem":6,"stat.craftItem.minecraft.torch":36,"stat.craftItem.minecraft.iron_ingot":14,"stat.pickup.minecraft.sapling":3,"stat.pickup.minecraft.dirt":23,"stat.useItem.minecraft.dirt":6,"stat.sprintOneCm":103900,"stat.useItem.minecraft.stone_slab2":4,"stat.pickup.minecraft.apple":2,"stat.craftItem.minecraft.stick":16,"stat.craftingTableInteraction":5,"stat.pickup.minecraft.iron_ore":14,"stat.craftItem.minecraft.bucket":1,"stat.craftItem.minecraft.planks":44,"stat.craftItem.minecraft.stone_axe":1,"stat.drop.minecraft.crafting_table":1,"stat.damageTaken":625,"stat.craftItem.minecraft.stone_pickaxe":1,"stat.useItem.minecraft.wooden_pickaxe":10,"stat.useItem.minecraft.carrot":4,"stat.pickup.minecraft.cobblestone":20,"stat.mobKills":9,"stat.mineBlock.minecraft.log":24,"stat.craftItem.minecraft.wooden_door":3,"stat.useItem.minecraft.wooden_door":1,"stat.craftItem.minecraft.stone_sword":1,"stat.flyOneCm":58230,"stat.drop":1,"stat.mineBlock.minecraft.leaves":26,"stat.pickup.minecraft.potato":41,"stat.playOneMinute":47447,"stat.killEntity.Witch":1,"stat.useItem.minecraft.stone_pickaxe":54,"stat.sneakTime":9,"stat.useItem.minecraft.stone_sword":63,"stat.damageDealt":1563,"stat.mineBlock.minecraft.iron_ore":14,"stat.pickup.midnight.viridshroom_stem":6,"stat.pickup.zawa.care_guide":1,"stat.timeSinceDeath":47447,"stat.mineBlock.minecraft.dirt":8,"stat.craftItem.minecraft.wooden_pickaxe":1,"stat.mineBlock.minecraft.stone":20,"stat.killEntity.Pig":8,"stat.mineBlock.minecraft.tallgrass":2,"stat.diveOneCm":26014}