{"stat.useItem.minecraft.bow":19,"stat.leaveGame":8,"stat.craftItem.minecraft.iron_axe":1,"stat.mineBlock.minecraft.sandstone":1,"stat.pickup.zawa.worm":16,"stat.craftItem.minecraft.shield":5,"stat.useItem.minecraft.planks":344,"stat.pickup.minecraft.porkchop":14,"stat.craftItem.xlfoodmod.flesh":23,"stat.useItem.minecraft.water_bucket":32,"stat.drop.minecraft.iron_sword":1,"stat.pickup.minecraft.rotten_flesh":32,"stat.pickup.minecraft.sand":22,"stat.craftItem.minecraft.stone_axe":1,"stat.killEntity.Enderman":1,"stat.craftItem.minecraft.stone_sword":1,"stat.mineBlock.minecraft.snow_layer":66,"stat.pickup.minecraft.brown_mushroom":2,"stat.mineBlock.minecraft.sand":24,"stat.killEntity.Witch":1,"stat.useItem.minecraft.iron_pickaxe":506,"stat.craftItem.minecraft.wooden_pickaxe":1,"stat.furnaceInteraction":49,"stat.killEntity.ZombieVillager":1,"stat.mineBlock.aether_legacy.berry_bush":36,"stat.pickup.minecraft.furnace":2,"stat.drop.aether_legacy.blue_berry":1,"stat.pickup.minecraft.iron_chestplate":1,"stat.pickup.tombstone.magic_scroll":2,"stat.useItem.minecraft.dye":69,"stat.deaths":6,"stat.playOneMinute":437445,"stat.craftItem.minecraft.iron_pickaxe":2,"stat.pickup.zawa.care_guide":1,"stat.mineBlock.minecraft.tallgrass":9,"stat.pickup.midnight.double_nightshroom":2,"stat.chestOpened":127,"stat.pickup.minecraft.arrow":25,"stat.pickup.minecraft.iron_sword":2,"stat.mineBlock.minecraft.ice":1,"stat.craftItem.minecraft.coal":11,"stat.fallOneCm":116977,"stat.pickup.minecraft.carrot":160,"stat.crouchOneCm":29712,"stat.mineBlock.minecraft.chest":4,"stat.craftItem.minecraft.iron_ingot":55,"stat.craftingTableInteraction":38,"stat.useItem.minecraft.reeds":2,"stat.useItem.minecraft.furnace":2,"stat.pickup.minecraft.planks":28,"stat.killEntity.Llama":2,"stat.pickup.minecraft.iron_leggings":1,"stat.pickup.minecraft.wheat_seeds":35,"stat.pickup.chisel.cobblestone":2,"stat.useItem.minecraft.stone_pickaxe":132,"stat.useItem.minecraft.stone_sword":131,"stat.craftItem.minecraft.iron_leggings":1,"stat.mineBlock.minecraft.dirt":795,"stat.pickup.minecraft.chainmail_boots":1,"stat.pickup.minecraft.poisonous_potato":1,"stat.useItem.minecraft.torch":98,"stat.useItem.minecraft.bread":1,"stat.pickup.minecraft.golden_apple":1,"stat.drop.minecraft.rotten_flesh":1,"stat.pickup.minecraft.crafting_table":3,"stat.useItem.minecraft.log":119,"stat.useItem.minecraft.cobblestone":273,"stat.craftItem.minecraft.crafting_table":2,"stat.mineBlock.minecraft.double_plant":1,"stat.useItem.xlfoodmod.flesh":16,"stat.pickup.minecraft.log":427,"stat.pickup.minecraft.iron_pickaxe":1,"stat.pickup.minecraft.sapling":26,"stat.pickup.minecraft.apple":3,"stat.pickup.minecraft.beetroot":71,"stat.craftItem.minecraft.bucket":2,"stat.craftItem.minecraft.planks":472,"stat.useItem.minecraft.iron_sword":201,"stat.mineBlock.minecraft.log":109,"stat.craftItem.minecraft.wooden_door":3,"stat.useItem.minecraft.stone_hoe":12,"stat.useItem.carryon.entity_item":17,"stat.useItem.minecraft.wooden_door":1,"stat.useItem.minecraft.spruce_door":4,"stat.useItem.minecraft.beetroot_seeds":88,"stat.sneakTime":8703,"stat.pickup.minecraft.wool":1,"stat.drop.tombstone.familiar_stone":1,"stat.pickup.midnight.viridshroom_stem":6,"stat.useItem.minecraft.baked_potato":1,"stat.useItem.minecraft.beetroot":69,"stat.pickup.minecraft.chest":4,"stat.craftItem.minecraft.spruce_door":6,"stat.mineBlock.midnight.double_nightshroom":2,"stat.pickup.minecraft.bone":25,"stat.horseOneCm":658,"stat.drop.minecraft.beetroot":1,"stat.useItem.minecraft.iron_axe":74,"stat.drop.minecraft.stone_shovel":1,"stat.mineBlock.minecraft.cobblestone":223,"stat.pickup.minecraft.flint":1,"stat.mineBlock.minecraft.yellow_flower":1,"stat.craftItem.minecraft.wool":1,"stat.swimOneCm":48591,"stat.climbOneCm":740,"stat.useItem.minecraft.dirt":934,"stat.useItem.minecraft.stone_slab2":70,"stat.pickup.minecraft.bow":2,"stat.pickup.minecraft.iron_boots":1,"stat.mineBlock.chisel.cobblestone":2,"stat.craftItem.minecraft.iron_boots":1,"stat.craftItem.minecraft.spruce_boat":2,"stat.craftItem.minecraft.stone_pickaxe":1,"stat.pickup.minecraft.cobblestone":501,"stat.pickup.aether_legacy.aether_dirt":1,"stat.useItem.minecraft.stone_shovel":800,"stat.flyOneCm":697674,"stat.pickup.minecraft.sandstone":1,"stat.useItem.chisel.cobblestone":225,"stat.pickup.aether_legacy.blue_berry":65,"stat.mineBlock.minecraft.iron_ore":61,"stat.timeSinceDeath":89324,"stat.useItem.aether_legacy.blue_berry":29,"stat.drop.minecraft.log":8,"stat.useItem.minecraft.potato":41,"stat.pickup.minecraft.spruce_fence":1,"stat.useItem.minecraft.cooked_porkchop":10,"stat.drop.minecraft.beetroot_seeds":1,"stat.mineBlock.minecraft.coal_ore":67,"stat.drop.minecraft.wool":1,"stat.killEntity.Creeper":1,"stat.craftItem.minecraft.stone_hoe":1,"stat.pickup.minecraft.string":3,"stat.pickup.tombstone.crafting_ingredient":4,"stat.entityKilledBy.Skeleton":2,"stat.mineBlock.midnight.viridshroom_stem":6,"stat.sprintOneCm":1022999,"stat.craftItem.minecraft.stick":100,"stat.useItem.minecraft.snowball":82,"stat.mineBlock.minecraft.crafting_table":2,"stat.useItem.minecraft.carrot":144,"stat.entityKilledBy.Creeper":1,"stat.pickup.minecraft.sugar":1,"stat.mineBlock.minecraft.planks":18,"stat.drop":18,"stat.drop.tombstone.grave_key":1,"stat.mineBlock.aether_legacy.aether_log":5,"stat.pickup.tombstone.grave_key":1,"stat.killEntity.Zombie":29,"stat.craftItem.minecraft.dye":69,"stat.pickup.minecraft.snowball":168,"stat.diveOneCm":61436,"stat.pickup.minecraft.wheat":13,"stat.craftItem.minecraft.cooked_porkchop":10,"stat.pickup.minecraft.stone_axe":1,"stat.useItem.minecraft.apple":3,"stat.useItem.minecraft.porkchop":4,"stat.useItem.minecraft.rotten_flesh":5,"stat.useItem.midnight.double_nightshroom":1,"stat.jump":6042,"stat.pickup.minecraft.coal":68,"stat.pickup.minecraft.iron_helmet":1,"stat.useItem.minecraft.stone_axe":137,"stat.pickup.minecraft.gunpowder":1,"stat.craftItem.minecraft.bread":4,"stat.pickup.minecraft.spider_eye":4,"stat.craftItem.minecraft.torch":196,"stat.pickup.minecraft.dirt":883,"stat.craftItem.minecraft.iron_helmet":1,"stat.pickup.minecraft.iron_ore":61,"stat.pickup.aether_legacy.berry_bush_stem":1,"stat.pickup.minecraft.stone_shovel":1,"stat.boatOneCm":58473,"stat.useItem.minecraft.sapling":8,"stat.pickup.minecraft.iron_axe":1,"stat.damageTaken":7346,"stat.pickup.minecraft.leather":1,"stat.mineBlock.minecraft.torch":23,"stat.mineBlock.minecraft.red_flower":2,"stat.mineBlock.minecraft.furnace":2,"stat.useItem.minecraft.wooden_pickaxe":10,"stat.mineBlock.minecraft.sapling":1,"stat.craftItem.aether_legacy.skyroot_plank":8,"stat.pickup.minecraft.reeds":3,"tombstone:undead_killed":43,"stat.pickup.minecraft.potato":42,"stat.entityKilledBy.Zombie":1,"stat.damageDealt":11977,"stat.craftItem.minecraft.baked_potato":1,"stat.killEntity.Pig":8,"stat.craftItem.minecraft.iron_sword":1,"stat.craftItem.minecraft.stone_shovel":5,"stat.walkOneCm":1345268,"stat.useItem.minecraft.chest":2,"stat.useItem.minecraft.lava_bucket":15,"stat.useItem.minecraft.spruce_boat":4,"stat.useItem.tombstone.gift":2,"stat.pickup.aether_legacy.aether_log":2,"stat.pickup.minecraft.stone":1,"stat.mineBlock.midnight.double_viridshroom":1,"stat.craftItem.minecraft.iron_chestplate":1,"stat.mineBlock.minecraft.wool":1,"stat.mineBlock.aether_legacy.aether_grass":2,"stat.killEntity.Skeleton":13,"stat.killEntity.Chicken":1,"stat.drop.minecraft.crafting_table":1,"stat.killEntity.Spider":4,"stat.mobKills":62,"stat.useItem.minecraft.golden_apple":1,"stat.pickup.minecraft.water_bucket":1,"stat.mineBlock.minecraft.leaves":122,"stat.pickup.minecraft.beetroot_seeds":126,"stat.pickup.minecraft.torch":34,"stat.pickup.minecraft.lava_bucket":1,"stat.pickup.minecraft.spruce_boat":2,"stat.mineBlock.minecraft.stone":278}