{"stat.chestOpened":4,"stat.pickup.minecraft.beetroot":1,"stat.walkOneCm":77691,"stat.craftItem.minecraft.planks":8,"stat.leaveGame":2,"stat.mineBlock.minecraft.glass_pane":1,"stat.damageTaken":330,"stat.furnaceInteraction":2,"stat.useItem.minecraft.wooden_pickaxe":5,"stat.useItem.minecraft.carrot":5,"stat.useItem.minecraft.apple":1,"stat.mineBlock.minecraft.log":2,"stat.talkedToVillager":2,"stat.pickup.minecraft.log":2,"stat.flyOneCm":37981,"stat.pickup.minecraft.wheat_seeds":2,"stat.drop":1,"stat.jump":193,"stat.swimOneCm":1470,"stat.mineBlock.minecraft.leaves":1,"stat.pickup.minecraft.beetroot_seeds":1,"stat.playOneMinute":14467,"stat.fallOneCm":2744,"stat.drop.minecraft.wheat_seeds":1,"stat.sneakTime":49,"stat.damageDealt":173,"stat.crouchOneCm":200,"stat.timeSinceDeath":14467,"stat.pickup.zawa.care_guide":2,"stat.pickup.minecraft.sapling":2,"stat.sprintOneCm":3098,"stat.diveOneCm":16013,"stat.killEntity.midnight.rifter":1,"stat.craftingTableInteraction":1}