{"stat.chestOpened":5,"stat.pickup.midnight.double_nightshroom":1,"stat.walkOneCm":125052,"stat.mineBlock.midnight.nightshroom_shelf":1,"stat.pickup.midnight.viridshroom":5,"stat.mineBlock.midnight.nightshroom_stem":2,"stat.leaveGame":3,"stat.mineBlock.midnight.dewshroom":6,"stat.furnaceInteraction":2,"stat.useItem.minecraft.apple":1,"stat.mineBlock.midnight.lumen_bud":1,"stat.talkedToVillager":2,"stat.pickup.minecraft.log":2,"stat.pickup.midnight.bladeshroom_cap":3,"stat.jump":295,"stat.swimOneCm":1820,"stat.useItem.midnight.bladeshroom_spores":2,"stat.fallOneCm":11421,"stat.pickup.midnight.dewshroom":5,"stat.mineBlock.midnight.tall_midnight_grass":6,"stat.entityKilledBy.Skeleton":1,"stat.pickup.midnight.double_dewshroom":1,"stat.crouchOneCm":200,"stat.pickup.minecraft.sapling":2,"stat.useItem.minecraft.dirt":6,"stat.pickup.minecraft.dirt":38,"stat.sprintOneCm":3171,"stat.useItem.minecraft.stone_slab2":2,"stat.craftItem.midnight.viridshroom_planks":4,"stat.craftingTableInteraction":2,"stat.pickup.midnight.bladeshroom_spores":3,"stat.pickup.minecraft.beetroot":1,"stat.craftItem.minecraft.planks":8,"stat.mineBlock.minecraft.glass_pane":1,"stat.damageTaken":1035,"stat.pickup.midnight.lumen_bud":1,"stat.useItem.minecraft.wooden_pickaxe":5,"stat.useItem.minecraft.carrot":5,"stat.pickup.midnight.nightshroom_stem":2,"stat.mineBlock.midnight.double_lumen_bud":1,"stat.mineBlock.minecraft.log":2,"stat.pickup.midnight.nightshroom_shelf":1,"stat.flyOneCm":38470,"stat.deaths":2,"stat.craftItem.midnight.unstable_seeds":2,"stat.pickup.minecraft.wheat_seeds":2,"stat.drop":1,"stat.mineBlock.minecraft.leaves":5,"stat.pickup.minecraft.beetroot_seeds":1,"stat.pickup.midnight.double_lumen_bud":1,"stat.playOneMinute":22141,"stat.drop.minecraft.wheat_seeds":1,"stat.useItem.minecraft.wooden_sword":7,"stat.useItem.minecraft.stone_pickaxe":2,"stat.sneakTime":49,"stat.craftItem.midnight.nightshroom_planks":16,"stat.damageDealt":315,"stat.mineBlock.midnight.viridshroom":5,"stat.timeSinceDeath":2777,"stat.pickup.zawa.care_guide":2,"stat.mineBlock.minecraft.dirt":12,"stat.diveOneCm":16013,"stat.killEntity.midnight.rifter":1}