{
  "minecraft:recipes/redstone/tnt": {
    "criteria": {
      "has_gunpowder": "2024-07-30 18:54:49 +0000"
    },
    "done": true
  },
  "tombstone:tutorial/root": {
    "criteria": {
      "auto": "2024-07-30 18:28:19 +0000"
    },
    "done": true
  },
  "minecraft:recipes/tools/wooden_axe": {
    "criteria": {
      "has_the_recipe": "2024-07-30 18:40:04 +0000"
    },
    "done": true
  },
  "tombstone:tutorial/first_knowledge": {
    "criteria": {
      "coded_trigger": "2024-07-30 18:33:16 +0000"
    },
    "done": true
  },
  "minecraft:recipes/redstone/lever": {
    "criteria": {
      "has_cobblestone": "2024-07-30 18:44:50 +0000"
    },
    "done": true
  },
  "minecraft:adventure/kill_a_mob": {
    "criteria": {
      "zombie": "2024-07-30 18:55:25 +0000"
    },
    "done": true
  },
  "minecraft:recipes/misc/red_dye_from_rose_bush": {
    "criteria": {
      "has_double_plant": "2024-07-30 18:58:07 +0000"
    },
    "done": true
  },
  "minecraft:recipes/redstone/spruce_door": {
    "criteria": {
      "has_planks": "2024-07-30 18:34:24 +0000"
    },
    "done": true
  },
  "tombstone:recipes/from_grave_dust": {
    "criteria": {
      "has_ingredient": "2024-07-30 18:33:36 +0000"
    },
    "done": true
  },
  "midnight:recipes/from_dewshroom_stem": {
    "criteria": {
      "requirement_1": "2024-07-30 18:35:07 +0000"
    },
    "done": true
  },
  "midnight:recipes/from_nightshroom_planks_and_dark_stick": {
    "criteria": {
      "requirement_2": "2024-07-30 18:36:08 +0000"
    },
    "done": false
  },
  "minecraft:story/mine_stone": {
    "criteria": {
      "get_stone": "2024-07-30 18:44:50 +0000"
    },
    "done": true
  },
  "midnight:recipes/from_shadowroot_planks_and_dark_stick": {
    "criteria": {
      "requirement_2": "2024-07-30 18:36:08 +0000"
    },
    "done": false
  },
  "minecraft:recipes/decorations/furnace": {
    "criteria": {
      "has_cobblestone": "2024-07-30 18:44:50 +0000"
    },
    "done": true
  },
  "minecraft:recipes/redstone/spruce_fence_gate": {
    "criteria": {
      "has_planks": "2024-07-30 18:34:24 +0000"
    },
    "done": true
  },
  "minecraft:adventure/adventuring_time": {
    "criteria": {
      "forest": "2024-07-30 18:57:05 +0000",
      "beaches": "2024-07-30 18:45:20 +0000",
      "taiga": "2024-07-30 18:28:40 +0000",
      "taiga_hills": "2024-07-30 18:28:19 +0000",
      "ocean": "2024-07-30 18:45:33 +0000",
      "extreme_hills": "2024-07-30 19:10:45 +0000",
      "river": "2024-07-30 18:29:01 +0000"
    },
    "done": false
  },
  "minecraft:recipes/decorations/crafting_table": {
    "criteria": {
      "has_planks": "2024-07-30 18:34:24 +0000"
    },
    "done": true
  },
  "minecraft:recipes/building_blocks/spruce_planks": {
    "criteria": {
      "has_log": "2024-07-30 18:33:21 +0000"
    },
    "done": true
  },
  "midnight:recipes/from_tenebrum_ingot_and_dark_stick": {
    "criteria": {
      "requirement_2": "2024-07-30 18:36:08 +0000"
    },
    "done": false
  },
  "minecraft:recipes/food/bread": {
    "criteria": {
      "has_wheat": "2024-07-30 19:22:04 +0000"
    },
    "done": true
  },
  "tombstone:tutorial/find_grave_dust": {
    "criteria": {
      "has_grave_dust": "2024-07-30 18:33:36 +0000"
    },
    "done": true
  },
  "minecraft:recipes/tools/wooden_pickaxe": {
    "criteria": {
      "has_stick": "2024-07-30 18:40:05 +0000"
    },
    "done": true
  },
  "minecraft:recipes/redstone/trapdoor": {
    "criteria": {
      "has_planks": "2024-07-30 18:34:24 +0000"
    },
    "done": true
  },
  "minecraft:recipes/decorations/ladder": {
    "criteria": {
      "has_stick": "2024-07-30 18:40:05 +0000"
    },
    "done": true
  },
  "midnight:recipes/from_viridshroom_planks_and_dark_stick": {
    "criteria": {
      "requirement_2": "2024-07-30 18:36:08 +0000",
      "requirement_1": "2024-07-30 18:36:10 +0000"
    },
    "done": true
  },
  "minecraft:husbandry/root": {
    "criteria": {
      "consumed_item": "2024-07-30 18:47:37 +0000"
    },
    "done": true
  },
  "minecraft:recipes/transportation/birch_boat": {
    "criteria": {
      "entered_water": "2024-07-30 18:29:02 +0000"
    },
    "done": true
  },
  "minecraft:recipes/decorations/chest": {
    "criteria": {
      "has_lots_of_items": "2024-07-30 18:35:36 +0000"
    },
    "done": true
  },
  "midnight:recipes/from_dead_wood_planks_and_dark_stick": {
    "criteria": {
      "requirement_2": "2024-07-30 18:36:08 +0000"
    },
    "done": false
  },
  "midnight:recipes/from_any_unstable_fruit": {
    "criteria": {
      "requirement_1": "2024-07-30 18:37:43 +0000"
    },
    "done": true
  },
  "minecraft:recipes/combat/stone_sword": {
    "criteria": {
      "has_cobblestone": "2024-07-30 18:44:50 +0000"
    },
    "done": true
  },
  "midnight:recipes/from_ebonys_and_dark_stick": {
    "criteria": {
      "requirement_2": "2024-07-30 18:36:08 +0000"
    },
    "done": false
  },
  "minecraft:recipes/decorations/cobblestone_wall": {
    "criteria": {
      "has_cobblestone": "2024-07-30 18:44:50 +0000"
    },
    "done": true
  },
  "midnight:recipes/from_viridshroom_stem": {
    "criteria": {
      "requirement_1": "2024-07-30 18:34:47 +0000"
    },
    "done": true
  },
  "minecraft:recipes/tools/wooden_shovel": {
    "criteria": {
      "has_stick": "2024-07-30 18:40:05 +0000"
    },
    "done": true
  },
  "midnight:recipes/from_nightstone_and_dark_stick": {
    "criteria": {
      "requirement_2": "2024-07-30 18:36:08 +0000"
    },
    "done": false
  },
  "midnight:midnight/surface_biomes": {
    "criteria": {
      "biome6": "2024-07-30 19:14:21 +0000",
      "biome3": "2024-07-30 18:34:37 +0000",
      "biome0": "2024-07-30 19:12:16 +0000",
      "biome1": "2024-07-30 18:33:59 +0000",
      "biome8": "2024-07-30 18:34:06 +0000",
      "biome9": "2024-07-30 18:34:03 +0000",
      "biome12": "2024-07-30 19:13:14 +0000"
    },
    "done": false
  },
  "minecraft:recipes/transportation/acacia_boat": {
    "criteria": {
      "entered_water": "2024-07-30 18:29:02 +0000"
    },
    "done": true
  },
  "minecraft:recipes/decorations/torch": {
    "criteria": {
      "has_stone_pickaxe": "2024-07-30 18:50:01 +0000"
    },
    "done": true
  },
  "midnight:recipes/from_dewshroom_planks_and_dark_stick": {
    "criteria": {
      "requirement_2": "2024-07-30 18:36:08 +0000"
    },
    "done": false
  },
  "minecraft:recipes/tools/stone_pickaxe": {
    "criteria": {
      "has_cobblestone": "2024-07-30 18:44:50 +0000"
    },
    "done": true
  },
  "minecraft:recipes/redstone/wooden_pressure_plate": {
    "criteria": {
      "has_planks": "2024-07-30 18:34:24 +0000"
    },
    "done": true
  },
  "midnight:recipes/from_raw_suavis": {
    "criteria": {
      "requirement_1": "2024-07-30 19:12:28 +0000"
    },
    "done": true
  },
  "minecraft:recipes/misc/stick": {
    "criteria": {
      "has_planks": "2024-07-30 18:34:24 +0000"
    },
    "done": true
  },
  "minecraft:adventure/root": {
    "criteria": {
      "killed_by_something": "2024-07-30 18:29:17 +0000"
    },
    "done": true
  },
  "minecraft:recipes/building_blocks/coal_block": {
    "criteria": {
      "has_at_least_9_coal": "2024-07-30 18:50:10 +0000"
    },
    "done": true
  },
  "minecraft:husbandry/plant_seed": {
    "criteria": {
      "wheat": "2024-07-30 18:42:34 +0000"
    },
    "done": true
  },
  "minecraft:recipes/transportation/boat": {
    "criteria": {
      "entered_water": "2024-07-30 18:29:02 +0000"
    },
    "done": true
  },
  "minecraft:recipes/transportation/jungle_boat": {
    "criteria": {
      "entered_water": "2024-07-30 18:29:02 +0000"
    },
    "done": true
  },
  "minecraft:recipes/decorations/sign": {
    "criteria": {
      "has_planks": "2024-07-30 18:34:24 +0000"
    },
    "done": true
  },
  "tombstone:tutorial/chain_death": {
    "criteria": {
      "coded_trigger": "2024-07-30 18:54:07 +0000"
    },
    "done": true
  },
  "minecraft:recipes/misc/bowl": {
    "criteria": {
      "has_brown_mushroom": "2024-07-30 19:04:39 +0000"
    },
    "done": true
  },
  "minecraft:recipes/transportation/spruce_boat": {
    "criteria": {
      "entered_water": "2024-07-30 18:29:02 +0000"
    },
    "done": true
  },
  "minecraft:recipes/redstone/wooden_button": {
    "criteria": {
      "has_planks": "2024-07-30 18:34:24 +0000"
    },
    "done": true
  },
  "minecraft:recipes/combat/wooden_sword": {
    "criteria": {
      "has_stick": "2024-07-30 18:40:05 +0000"
    },
    "done": true
  },
  "minecraft:recipes/tools/stone_shovel": {
    "criteria": {
      "has_cobblestone": "2024-07-30 18:44:50 +0000"
    },
    "done": true
  },
  "minecraft:recipes/tools/stone_hoe": {
    "criteria": {
      "has_cobblestone": "2024-07-30 18:44:50 +0000"
    },
    "done": true
  },
  "minecraft:recipes/transportation/dark_oak_boat": {
    "criteria": {
      "entered_water": "2024-07-30 18:29:02 +0000"
    },
    "done": true
  },
  "minecraft:recipes/transportation/carrot_on_a_stick": {
    "criteria": {
      "has_carrot": "2024-07-30 19:06:19 +0000"
    },
    "done": true
  },
  "minecraft:recipes/decorations/spruce_fence": {
    "criteria": {
      "has_planks": "2024-07-30 18:34:24 +0000"
    },
    "done": true
  },
  "tombstone:tutorial/cancel_ghostly_shape": {
    "criteria": {
      "coded_trigger": "2024-07-30 18:33:16 +0000"
    },
    "done": true
  },
  "minecraft:adventure/kill_all_mobs": {
    "criteria": {
      "zombie": "2024-07-30 18:55:25 +0000"
    },
    "done": false
  },
  "midnight:recipes/from_nightshroom_stem": {
    "criteria": {
      "requirement_1": "2024-07-30 18:59:47 +0000"
    },
    "done": true
  },
  "minecraft:husbandry/balanced_diet": {
    "criteria": {
      "rotten_flesh": "2024-07-30 18:47:37 +0000",
      "carrot": "2024-07-30 19:06:24 +0000"
    },
    "done": false
  },
  "tombstone:recipes/from_grave_key": {
    "criteria": {
      "has_ingredient": "2024-07-30 18:29:20 +0000"
    },
    "done": true
  },
  "minecraft:recipes/tools/wooden_hoe": {
    "criteria": {
      "has_stick": "2024-07-30 18:40:05 +0000"
    },
    "done": true
  },
  "midnight:recipes/from_any_midnight_wood": {
    "criteria": {
      "requirement_1": "2024-07-30 18:36:10 +0000"
    },
    "done": true
  },
  "minecraft:recipes/building_blocks/cobblestone_slab": {
    "criteria": {
      "has_cobblestone": "2024-07-30 18:44:50 +0000"
    },
    "done": true
  },
  "minecraft:recipes/building_blocks/spruce_stairs": {
    "criteria": {
      "has_planks": "2024-07-30 18:34:24 +0000"
    },
    "done": true
  },
  "minecraft:recipes/building_blocks/stone_stairs": {
    "criteria": {
      "has_cobblestone": "2024-07-30 18:44:50 +0000"
    },
    "done": true
  },
  "midnight:recipes/bladeshroom_spores": {
    "criteria": {
      "requirement_1": "2024-07-30 18:37:37 +0000"
    },
    "done": true
  },
  "tombstone:tutorial/first_grave": {
    "criteria": {
      "coded_trigger": "2024-07-30 18:29:17 +0000"
    },
    "done": true
  },
  "minecraft:recipes/misc/bone_meal_from_bone": {
    "criteria": {
      "has_bone": "2024-07-30 18:38:15 +0000"
    },
    "done": true
  },
  "midnight:recipes/from_dark_willow_planks_and_dark_stick": {
    "criteria": {
      "requirement_2": "2024-07-30 18:36:08 +0000"
    },
    "done": false
  },
  "midnight:midnight/root": {
    "criteria": {
      "enter_midnight": "2024-07-30 18:33:57 +0000"
    },
    "done": true
  },
  "midnight:midnight/inebriated": {
    "criteria": {
      "gathered_suavis": "2024-07-30 19:12:28 +0000"
    },
    "done": true
  },
  "minecraft:story/upgrade_tools": {
    "criteria": {
      "stone_pickaxe": "2024-07-30 18:50:01 +0000"
    },
    "done": true
  },
  "midnight:recipes/from_viridshroom_planks": {
    "criteria": {
      "requirement_1": "2024-07-30 18:36:10 +0000"
    },
    "done": true
  },
  "minecraft:recipes/building_blocks/spruce_wooden_slab": {
    "criteria": {
      "has_planks": "2024-07-30 18:34:24 +0000"
    },
    "done": true
  },
  "midnight:recipes/from_nagrilite_ingot_and_dark_stick": {
    "criteria": {
      "requirement_2": "2024-07-30 18:36:08 +0000"
    },
    "done": false
  },
  "minecraft:story/root": {
    "criteria": {
      "crafting_table": "2024-07-30 18:34:29 +0000"
    },
    "done": true
  },
  "midnight:recipes/from_dark_stick": {
    "criteria": {
      "requirement_1": "2024-07-30 18:36:08 +0000"
    },
    "done": true
  },
  "minecraft:recipes/tools/stone_axe": {
    "criteria": {
      "has_cobblestone": "2024-07-30 18:44:50 +0000"
    },
    "done": true
  },
  "minecraft:recipes/misc/coal": {
    "criteria": {
      "has_the_recipe": "2024-07-30 18:50:10 +0000"
    },
    "done": true
  },
  "minecraft:husbandry/tame_an_animal": {
    "criteria": {
      "tamed_animal": "2024-07-30 18:38:22 +0000"
    },
    "done": true
  }
}